This is pdfTeX, Version 3.141592653-2.6-1.40.29 (TeX Live 2026/Debian) (preloaded format=pdflatex 2026.7.6)  7 JUL 2026 18:23
entering extended mode
 restricted \write18 enabled.
 %&-line parsing enabled.
**main.tex
(./main.tex
LaTeX2e <2025-11-01>
L3 programming layer <2026-05-15>
(/usr/share/texlive/texmf-dist/tex/latex/base/report.cls
Document Class: report 2025/01/22 v1.4n Standard LaTeX document class
(/usr/share/texlive/texmf-dist/tex/latex/base/size11.clo
File: size11.clo 2025/01/22 v1.4n Standard LaTeX file (size option)
)
\c@part=\count276
\c@chapter=\count277
\c@section=\count278
\c@subsection=\count279
\c@subsubsection=\count280
\c@paragraph=\count281
\c@subparagraph=\count282
\c@figure=\count283
\c@table=\count284
\abovecaptionskip=\skip49
\belowcaptionskip=\skip50
\bibindent=\dimen150
)
(/usr/share/texlive/texmf-dist/tex/latex/base/inputenc.sty
Package: inputenc 2024/02/08 v1.3d Input encoding file
\inpenc@prehook=\toks17
\inpenc@posthook=\toks18
)
(/usr/share/texlive/texmf-dist/tex/latex/base/fontenc.sty
Package: fontenc 2025/07/18 v2.1d Standard LaTeX package
)
(/usr/share/texlive/texmf-dist/tex/latex/footmisc/footmisc.sty
Package: footmisc 2025/05/09 v7.0b a miscellany of footnote facilities
\FN@temptoken=\toks19
\footnotemargin=\dimen151
Package footmisc Info: Declaring symbol style bringhurst on input line 549.
Package footmisc Info: Declaring symbol style chicago on input line 557.
Package footmisc Info: Declaring symbol style wiley on input line 566.
Package footmisc Info: Declaring symbol style lamport-robust on input line 577.

Package footmisc Info: Declaring symbol style lamport* on input line 597.
Package footmisc Info: Declaring symbol style lamport*-robust on input line 618
.
)
(/usr/share/texlive/texmf-dist/tex/latex/yafoot/fnpos.sty
Package: fnpos 2018/09/03 v1.1 
)
(/usr/share/texlive/texmf-dist/tex/latex/graphics/graphicx.sty
Package: graphicx 2024/12/31 v1.2e Enhanced LaTeX Graphics (DPC,SPQR)

(/usr/share/texlive/texmf-dist/tex/latex/graphics/keyval.sty
Package: keyval 2022/05/29 v1.15 key=value parser (DPC)
\KV@toks@=\toks20
)
(/usr/share/texlive/texmf-dist/tex/latex/graphics/graphics.sty
Package: graphics 2024/08/06 v1.4g Standard LaTeX Graphics (DPC,SPQR)

(/usr/share/texlive/texmf-dist/tex/latex/graphics/trig.sty
Package: trig 2023/12/02 v1.11 sin cos tan (DPC)
)
(/usr/share/texlive/texmf-dist/tex/latex/graphics-cfg/graphics.cfg
File: graphics.cfg 2016/06/04 v1.11 sample graphics configuration
)
Package graphics Info: Driver file: pdftex.def on input line 106.

(/usr/share/texlive/texmf-dist/tex/latex/graphics-def/pdftex.def
File: pdftex.def 2025/09/29 v1.2d Graphics/color driver for pdftex
))
\Gin@req@height=\dimen152
\Gin@req@width=\dimen153
)
(/usr/share/texlive/texmf-dist/tex/latex/float/float.sty
Package: float 2001/11/08 v1.3d Float enhancements (AL)
\c@float@type=\count285
\float@exts=\toks21
\float@box=\box53
\@float@everytoks=\toks22
\@floatcapt=\box54
)
(/usr/share/texlive/texmf-dist/tex/latex/caption/subcaption.sty
Package: subcaption 2023/07/28 v1.6b Sub-captions (AR)

(/usr/share/texlive/texmf-dist/tex/latex/caption/caption.sty
Package: caption 2023/08/05 v3.6o Customizing captions (AR)

(/usr/share/texlive/texmf-dist/tex/latex/caption/caption3.sty
Package: caption3 2023/07/31 v2.4d caption3 kernel (AR)
\caption@tempdima=\dimen154
\captionmargin=\dimen155
\caption@leftmargin=\dimen156
\caption@rightmargin=\dimen157
\caption@width=\dimen158
\caption@indent=\dimen159
\caption@parindent=\dimen160
\caption@hangindent=\dimen161
Package caption Info: Standard document class detected.
)
\c@caption@flags=\count286
\c@continuedfloat=\count287
Package caption Info: float package is loaded.
)
Package caption Info: New subtype `subfigure' on input line 238.
\c@subfigure=\count288
Package caption Info: New subtype `subtable' on input line 238.
\c@subtable=\count289
)
(/usr/share/texlive/texmf-dist/tex/latex/tocloft/tocloft.sty
Package: tocloft 2017/08/31 v2.3i parameterised ToC, etc., typesetting
Package tocloft Info: The document has chapter divisions on input line 51.
\cftparskip=\skip51
\cftbeforetoctitleskip=\skip52
\cftaftertoctitleskip=\skip53
\cftbeforepartskip=\skip54
\cftpartnumwidth=\skip55
\cftpartindent=\skip56
\cftbeforechapskip=\skip57
\cftchapindent=\skip58
\cftchapnumwidth=\skip59
\cftbeforesecskip=\skip60
\cftsecindent=\skip61
\cftsecnumwidth=\skip62
\cftbeforesubsecskip=\skip63
\cftsubsecindent=\skip64
\cftsubsecnumwidth=\skip65
\cftbeforesubsubsecskip=\skip66
\cftsubsubsecindent=\skip67
\cftsubsubsecnumwidth=\skip68
\cftbeforeparaskip=\skip69
\cftparaindent=\skip70
\cftparanumwidth=\skip71
\cftbeforesubparaskip=\skip72
\cftsubparaindent=\skip73
\cftsubparanumwidth=\skip74
\cftbeforeloftitleskip=\skip75
\cftafterloftitleskip=\skip76
\cftbeforefigskip=\skip77
\cftfigindent=\skip78
\cftfignumwidth=\skip79
\c@lofdepth=\count290
\c@lotdepth=\count291
\cftbeforelottitleskip=\skip80
\cftafterlottitleskip=\skip81
\cftbeforetabskip=\skip82
\cfttabindent=\skip83
\cfttabnumwidth=\skip84
)
(/usr/share/texlive/texmf-dist/tex/latex/wrapfig/wrapfig.sty
\wrapoverhang=\dimen162
\WF@size=\dimen163
\c@WF@wrappedlines=\count292
\WF@box=\box55
\WF@everypar=\toks23
Package: wrapfig 2003/01/31  v 3.6
)
(/usr/share/texlive/texmf-dist/tex/latex/tools/calc.sty
Package: calc 2025/03/01 v4.3b Infix arithmetic (KKT,FJ)
\calc@Acount=\count293
\calc@Bcount=\count294
\calc@Adimen=\dimen164
\calc@Bdimen=\dimen165
\calc@Askip=\skip85
\calc@Bskip=\skip86
LaTeX Info: Redefining \setlength on input line 86.
LaTeX Info: Redefining \addtolength on input line 87.
\calc@Ccount=\count295
\calc@Cskip=\skip87
)
(/usr/share/texlive/texmf-dist/tex/latex/hyperref/hyperref.sty
Package: hyperref 2026-04-24 v7.01q Hypertext links for LaTeX

(/usr/share/texlive/texmf-dist/tex/generic/iftex/iftex.sty
Package: iftex 2024/12/12 v1.0g TeX engine tests
)
(/usr/share/texlive/texmf-dist/tex/latex/kvsetkeys/kvsetkeys.sty
Package: kvsetkeys 2022-10-05 v1.19 Key value parser (HO)
)
(/usr/share/texlive/texmf-dist/tex/generic/kvdefinekeys/kvdefinekeys.sty
Package: kvdefinekeys 2019-12-19 v1.6 Define keys (HO)
)
(/usr/share/texlive/texmf-dist/tex/generic/pdfescape/pdfescape.sty
Package: pdfescape 2019/12/09 v1.15 Implements pdfTeX's escape features (HO)

(/usr/share/texlive/texmf-dist/tex/generic/ltxcmds/ltxcmds.sty
Package: ltxcmds 2023-12-04 v1.26 LaTeX kernel commands for general use (HO)
)
(/usr/share/texlive/texmf-dist/tex/generic/pdftexcmds/pdftexcmds.sty
Package: pdftexcmds 2020-06-27 v0.33 Utility functions of pdfTeX for LuaTeX (HO
)

(/usr/share/texlive/texmf-dist/tex/generic/infwarerr/infwarerr.sty
Package: infwarerr 2019/12/03 v1.5 Providing info/warning/error messages (HO)
)
Package pdftexcmds Info: \pdf@primitive is available.
Package pdftexcmds Info: \pdf@ifprimitive is available.
Package pdftexcmds Info: \pdfdraftmode found.
))
(/usr/share/texlive/texmf-dist/tex/latex/hycolor/hycolor.sty
Package: hycolor 2020-01-27 v1.10 Color options for hyperref/bookmark (HO)
)
(/usr/share/texlive/texmf-dist/tex/latex/hyperref/nameref.sty
Package: nameref 2026-01-29 v2.58 Cross-referencing by name of section

(/usr/share/texlive/texmf-dist/tex/latex/refcount/refcount.sty
Package: refcount 2019/12/15 v3.6 Data extraction from label references (HO)
)
(/usr/share/texlive/texmf-dist/tex/generic/gettitlestring/gettitlestring.sty
Package: gettitlestring 2019/12/15 v1.6 Cleanup title references (HO)

(/usr/share/texlive/texmf-dist/tex/latex/kvoptions/kvoptions.sty
Package: kvoptions 2022-06-15 v3.15 Key value format for package options (HO)
))
\c@section@level=\count296
)
(/usr/share/texlive/texmf-dist/tex/latex/etoolbox/etoolbox.sty
Package: etoolbox 2025/10/02 v2.5m e-TeX tools for LaTeX (JAW)
\etb@tempcnta=\count297
)
(/usr/share/texlive/texmf-dist/tex/generic/stringenc/stringenc.sty
Package: stringenc 2019/11/29 v1.12 Convert strings between diff. encodings (HO
)
)
\@linkdim=\dimen166
\Hy@linkcounter=\count298
\Hy@pagecounter=\count299

(/usr/share/texlive/texmf-dist/tex/latex/hyperref/pd1enc.def
File: pd1enc.def 2026-04-24 v7.01q Hyperref: PDFDocEncoding definition (HO)
Now handling font encoding PD1 ...
... no UTF-8 mapping file for font encoding PD1
)
(/usr/share/texlive/texmf-dist/tex/generic/intcalc/intcalc.sty
Package: intcalc 2019/12/15 v1.3 Expandable calculations with integers (HO)
)
\Hy@SavedSpaceFactor=\count300

(/usr/share/texlive/texmf-dist/tex/latex/hyperref/puenc.def
File: puenc.def 2026-04-24 v7.01q Hyperref: PDF Unicode definition (HO)
Now handling font encoding PU ...
... no UTF-8 mapping file for font encoding PU
)
Package hyperref Info: Hyper figures OFF on input line 4199.
Package hyperref Info: Link nesting OFF on input line 4204.
Package hyperref Info: Hyper index ON on input line 4207.
Package hyperref Info: Plain pages OFF on input line 4214.
Package hyperref Info: Backreferencing OFF on input line 4219.
Package hyperref Info: Implicit mode ON; LaTeX internals redefined.
Package hyperref Info: Bookmarks ON on input line 4466.
\c@Hy@tempcnt=\count301

(/usr/share/texlive/texmf-dist/tex/latex/url/url.sty
\Urlmuskip=\muskip17
Package: url 2013/09/16  ver 3.4  Verb mode for urls, etc.
)
LaTeX Info: Redefining \url on input line 4805.
\XeTeXLinkMargin=\dimen167

(/usr/share/texlive/texmf-dist/tex/generic/bitset/bitset.sty
Package: bitset 2019/12/09 v1.3 Handle bit-vector datatype (HO)

(/usr/share/texlive/texmf-dist/tex/generic/bigintcalc/bigintcalc.sty
Package: bigintcalc 2019/12/15 v1.5 Expandable calculations on big integers (HO
)
))
\Fld@menulength=\count302
\Field@Width=\dimen168
\Fld@charsize=\dimen169
Package hyperref Info: Hyper figures OFF on input line 6091.
Package hyperref Info: Link nesting OFF on input line 6096.
Package hyperref Info: Hyper index ON on input line 6099.
Package hyperref Info: backreferencing OFF on input line 6106.
Package hyperref Info: Link coloring OFF on input line 6111.
Package hyperref Info: Link coloring with OCG OFF on input line 6116.
Package hyperref Info: PDF/A mode OFF on input line 6121.
\Hy@abspage=\count303
\c@Item=\count304
\c@Hfootnote=\count305
)
Package hyperref Info: Driver (autodetected): hpdftex.

(/usr/share/texlive/texmf-dist/tex/latex/hyperref/hpdftex.def
File: hpdftex.def 2026-04-24 v7.01q Hyperref driver for pdfTeX
\Fld@listcount=\count306
\c@bookmark@seq@number=\count307

(/usr/share/texlive/texmf-dist/tex/latex/rerunfilecheck/rerunfilecheck.sty
Package: rerunfilecheck 2025-06-21 v1.11 Rerun checks for auxiliary files (HO)

(/usr/share/texlive/texmf-dist/tex/generic/uniquecounter/uniquecounter.sty
Package: uniquecounter 2019/12/15 v1.4 Provide unlimited unique counter (HO)
)
Package uniquecounter Info: New unique counter `rerunfilecheck' on input line 2
84.
)
\Hy@SectionHShift=\skip88
)
(/usr/share/texlive/texmf-dist/tex/latex/cleveref/cleveref.sty
Package: cleveref 2018/03/27 v0.21.4 Intelligent cross-referencing
Package cleveref Info: `hyperref' support loaded on input line 2370.
LaTeX Info: Redefining \cref on input line 2370.
LaTeX Info: Redefining \Cref on input line 2370.
LaTeX Info: Redefining \crefrange on input line 2370.
LaTeX Info: Redefining \Crefrange on input line 2370.
LaTeX Info: Redefining \cpageref on input line 2370.
LaTeX Info: Redefining \Cpageref on input line 2370.
LaTeX Info: Redefining \cpagerefrange on input line 2370.
LaTeX Info: Redefining \Cpagerefrange on input line 2370.
LaTeX Info: Redefining \labelcref on input line 2370.
LaTeX Info: Redefining \labelcpageref on input line 2370.
)
==> First Aid for cleveref.sty applied!
(/usr/share/texlive/texmf-dist/tex/latex/booktabs/booktabs.sty
Package: booktabs 2020/01/12 v1.61803398 Publication quality tables
\heavyrulewidth=\dimen170
\lightrulewidth=\dimen171
\cmidrulewidth=\dimen172
\belowrulesep=\dimen173
\belowbottomsep=\dimen174
\aboverulesep=\dimen175
\abovetopsep=\dimen176
\cmidrulesep=\dimen177
\cmidrulekern=\dimen178
\defaultaddspace=\dimen179
\@cmidla=\count308
\@cmidlb=\count309
\@aboverulesep=\dimen180
\@belowrulesep=\dimen181
\@thisruleclass=\count310
\@lastruleclass=\count311
\@thisrulewidth=\dimen182
)
(/usr/share/texlive/texmf-dist/tex/latex/tools/longtable.sty
Package: longtable 2025-10-13 v4.24 Multi-page Table package (DPC)
\LTleft=\skip89
\LTright=\skip90
\LTpre=\skip91
\LTpost=\skip92
\LTchunksize=\count312
\LTcapwidth=\dimen183
\LT@head=\box56
\LT@firsthead=\box57
\LT@foot=\box58
\LT@lastfoot=\box59
\LT@gbox=\box60
\LT@cols=\count313
\LT@rows=\count314
\c@LT@tables=\count315
\c@LT@chunks=\count316
\LT@p@ftn=\toks24
)
(/usr/share/texlive/texmf-dist/tex/latex/xltabular/xltabular.sty
Package: xltabular 2025/02/28 v0.2i `xltabular' package (hv,RN)

(/usr/share/texlive/texmf-dist/tex/latex/tools/tabularx.sty
Package: tabularx 2023/12/11 v2.12a `tabularx' package (DPC)

(/usr/share/texlive/texmf-dist/tex/latex/tools/array.sty
Package: array 2025/09/25 v2.6n Tabular extension package (FMi)
\col@sep=\dimen184
\ar@mcellbox=\box61
\extrarowheight=\dimen185
\NC@list=\toks25
\extratabsurround=\skip93
\backup@length=\skip94
\ar@cellbox=\box62
)
\TX@col@width=\dimen186
\TX@old@table=\dimen187
\TX@old@col=\dimen188
\TX@target=\dimen189
\TX@delta=\dimen190
\TX@cols=\count317
\TX@ftn=\toks26
)
(/usr/share/texlive/texmf-dist/tex/latex/ltablex/ltablex.sty
Package: ltablex 2014/08/13 v1.1 Modified tabularx
))
(/usr/share/texlive/texmf-dist/tex/latex/xcolor/xcolor.sty
Package: xcolor 2024/09/29 v3.02 LaTeX color extensions (UK)

(/usr/share/texlive/texmf-dist/tex/latex/graphics-cfg/color.cfg
File: color.cfg 2016/01/02 v1.6 sample color configuration
)
Package xcolor Info: Driver file: pdftex.def on input line 274.

(/usr/share/texlive/texmf-dist/tex/latex/graphics/mathcolor.ltx)
Package xcolor Info: Model `cmy' substituted by `cmy0' on input line 1349.
Package xcolor Info: Model `hsb' substituted by `rgb' on input line 1353.
Package xcolor Info: Model `RGB' extended on input line 1365.
Package xcolor Info: Model `HTML' substituted by `rgb' on input line 1367.
Package xcolor Info: Model `Hsb' substituted by `hsb' on input line 1368.
Package xcolor Info: Model `tHsb' substituted by `hsb' on input line 1369.
Package xcolor Info: Model `HSB' substituted by `hsb' on input line 1370.
Package xcolor Info: Model `Gray' substituted by `gray' on input line 1371.
Package xcolor Info: Model `wave' substituted by `hsb' on input line 1372.
)
(/usr/share/texlive/texmf-dist/tex/latex/colortbl/colortbl.sty
Package: colortbl 2026/05/01 v1.0l Color table columns (DPC)
\everycr=\toks27
\minrowclearance=\skip95
\rownum=\count318
)
(/usr/share/texlive/texmf-dist/tex/latex/csquotes/csquotes.sty
Package: csquotes 2026-05-19 v5.2p context-sensitive quotations (JAW)
\csq@reset=\count319
\csq@gtype=\count320
\csq@glevel=\count321
\csq@qlevel=\count322
\csq@maxlvl=\count323
\csq@tshold=\count324
\csq@ltx@everypar=\toks28

(/usr/share/texlive/texmf-dist/tex/latex/csquotes/csquotes.def
File: csquotes.def 2026-05-19 v5.2p csquotes generic definitions (JAW)
)
Package csquotes Info: Trying to load configuration file 'csquotes.cfg'...
Package csquotes Info: ... configuration file loaded successfully.

(/usr/share/texlive/texmf-dist/tex/latex/csquotes/csquotes.cfg
File: csquotes.cfg 
))
(/usr/share/texlive/texmf-dist/tex/latex/biblatex/biblatex.sty
Package: biblatex 2025/07/10 v3.21 programmable bibliographies (PK/MW)

(/usr/share/texlive/texmf-dist/tex/latex/logreq/logreq.sty
Package: logreq 2010/08/04 v1.0 xml request logger
\lrq@indent=\count325

(/usr/share/texlive/texmf-dist/tex/latex/logreq/logreq.def
File: logreq.def 2010/08/04 v1.0 logreq spec v1.0
))
(/usr/share/texlive/texmf-dist/tex/latex/base/ifthen.sty
Package: ifthen 2024/03/16 v1.1e Standard LaTeX ifthen package (DPC)
)
\c@tabx@nest=\count326
\c@listtotal=\count327
\c@listcount=\count328
\c@liststart=\count329
\c@liststop=\count330
\c@citecount=\count331
\c@citetotal=\count332
\c@multicitecount=\count333
\c@multicitetotal=\count334
\c@instcount=\count335
\c@maxnames=\count336
\c@minnames=\count337
\c@maxitems=\count338
\c@minitems=\count339
\c@citecounter=\count340
\c@maxcitecounter=\count341
\c@savedcitecounter=\count342
\c@uniquelist=\count343
\c@uniquename=\count344
\c@refsection=\count345
\c@refsegment=\count346
\c@maxextratitle=\count347
\c@maxextratitleyear=\count348
\c@maxextraname=\count349
\c@maxextradate=\count350
\c@maxextraalpha=\count351
\c@abbrvpenalty=\count352
\c@highnamepenalty=\count353
\c@lownamepenalty=\count354
\c@maxparens=\count355
\c@parenlevel=\count356
\blx@tempcnta=\count357
\blx@tempcntb=\count358
\blx@tempcntc=\count359
\c@blx@maxsection=\count360
\blx@maxsegment@0=\count361
\blx@notetype=\count362
\blx@parenlevel@text=\count363
\blx@parenlevel@foot=\count364
\blx@sectionciteorder@0=\count365
\blx@sectionciteorderinternal@0=\count366
\blx@entrysetcounter=\count367
\blx@biblioinstance=\count368
\labelnumberwidth=\skip96
\labelalphawidth=\skip97
\biblabelsep=\skip98
\bibitemsep=\skip99
\bibnamesep=\skip100
\bibinitsep=\skip101
\bibparsep=\skip102
\bibhang=\skip103
\blx@bcfin=\read2
\blx@bcfout=\write3
\blx@langwohyphens=\language91
\c@mincomprange=\count369
\c@maxcomprange=\count370
\c@mincompwidth=\count371
Package biblatex Info: Trying to load biblatex default data model...
Package biblatex Info: ... file 'blx-dm.def' found.

(/usr/share/texlive/texmf-dist/tex/latex/biblatex/blx-dm.def
File: blx-dm.def 2025/07/10 v3.21 biblatex datamodel (PK/MW)
)
Package biblatex Info: Trying to load biblatex style data model...
Package biblatex Info: ... file 'apa.dbx' found.

(/usr/share/texlive/texmf-dist/tex/latex/biblatex-apa/apa.dbx
File: apa.dbx 2025/08/27 v9.20 APA biblatex style data model
)
Package biblatex Info: Trying to load biblatex custom data model...
Package biblatex Info: ... file 'biblatex-dm.cfg' not found.
\c@afterword=\count372
\c@savedafterword=\count373
\c@annotator=\count374
\c@savedannotator=\count375
\c@author=\count376
\c@savedauthor=\count377
\c@bookauthor=\count378
\c@savedbookauthor=\count379
\c@commentator=\count380
\c@savedcommentator=\count381
\c@editor=\count382
\c@savededitor=\count383
\c@editora=\count384
\c@savededitora=\count385
\c@editorb=\count386
\c@savededitorb=\count387
\c@editorc=\count388
\c@savededitorc=\count389
\c@foreword=\count390
\c@savedforeword=\count391
\c@holder=\count392
\c@savedholder=\count393
\c@introduction=\count394
\c@savedintroduction=\count395
\c@namea=\count396
\c@savednamea=\count397
\c@nameb=\count398
\c@savednameb=\count399
\c@namec=\count400
\c@savednamec=\count401
\c@translator=\count402
\c@savedtranslator=\count403
\c@shortauthor=\count404
\c@savedshortauthor=\count405
\c@shorteditor=\count406
\c@savedshorteditor=\count407
\c@narrator=\count408
\c@savednarrator=\count409
\c@execproducer=\count410
\c@savedexecproducer=\count411
\c@execdirector=\count412
\c@savedexecdirector=\count413
\c@with=\count414
\c@savedwith=\count415
\c@labelname=\count416
\c@savedlabelname=\count417
\c@institution=\count418
\c@savedinstitution=\count419
\c@lista=\count420
\c@savedlista=\count421
\c@listb=\count422
\c@savedlistb=\count423
\c@listc=\count424
\c@savedlistc=\count425
\c@listd=\count426
\c@savedlistd=\count427
\c@liste=\count428
\c@savedliste=\count429
\c@listf=\count430
\c@savedlistf=\count431
\c@location=\count432
\c@savedlocation=\count433
\c@organization=\count434
\c@savedorganization=\count435
\c@origlocation=\count436
\c@savedoriglocation=\count437
\c@origpublisher=\count438
\c@savedorigpublisher=\count439
\c@publisher=\count440
\c@savedpublisher=\count441
\c@language=\count442
\c@savedlanguage=\count443
\c@origlanguage=\count444
\c@savedoriglanguage=\count445
\c@citation=\count446
\c@savedcitation=\count447
\c@pageref=\count448
\c@savedpageref=\count449
\shorthandwidth=\skip104
\shortjournalwidth=\skip105
\shortserieswidth=\skip106
\shorttitlewidth=\skip107
\shortauthorwidth=\skip108
\shorteditorwidth=\skip109
\locallabelnumberwidth=\skip110
\locallabelalphawidth=\skip111
\localshorthandwidth=\skip112
\localshortjournalwidth=\skip113
\localshortserieswidth=\skip114
\localshorttitlewidth=\skip115
\localshortauthorwidth=\skip116
\localshorteditorwidth=\skip117
Package biblatex Info: Trying to load compatibility code...
Package biblatex Info: ... file 'blx-compat.def' found.

(/usr/share/texlive/texmf-dist/tex/latex/biblatex/blx-compat.def
File: blx-compat.def 2025/07/10 v3.21 biblatex compatibility (PK/MW)
)
Package biblatex Info: Trying to load generic definitions...
Package biblatex Info: ... file 'biblatex.def' found.

(/usr/share/texlive/texmf-dist/tex/latex/biblatex/biblatex.def
File: biblatex.def 2025/07/10 v3.21 biblatex compatibility (PK/MW)
\c@textcitecount=\count450
\c@textcitetotal=\count451
\c@textcitemaxnames=\count452
\c@biburlbigbreakpenalty=\count453
\c@biburlbreakpenalty=\count454
\c@biburlnumpenalty=\count455
\c@biburlucpenalty=\count456
\c@biburllcpenalty=\count457
\biburlbigskip=\muskip18
\biburlnumskip=\muskip19
\biburlucskip=\muskip20
\biburllcskip=\muskip21
\c@smartand=\count458
)
Package biblatex Info: Trying to load bibliography style 'apa'...
Package biblatex Info: ... file 'apa.bbx' found.

(/usr/share/texlive/texmf-dist/tex/latex/biblatex-apa/apa.bbx
File: apa.bbx 2025/08/27 v9.20 APA biblatex references style
Package biblatex Info: Trying to load bibliography style 'standard'...
Package biblatex Info: ... file 'standard.bbx' found.

(/usr/share/texlive/texmf-dist/tex/latex/biblatex/bbx/standard.bbx
File: standard.bbx 2025/07/10 v3.21 biblatex bibliography style (PK/MW)
\c@bbx:relatedcount=\count459
\c@bbx:relatedtotal=\count460
)
Package biblatex Info: Delimiter 'nameyeardelim' in context 'bib' already defin
ed, overwriting.
Package biblatex Info: Delimiter 'nameyeardelim' in context 'biblist' already d
efined, overwriting.
Package biblatex Info: Delimiter 'nonameyeardelim' in context 'bib' already def
ined, overwriting.
Package biblatex Info: Delimiter 'nonameyeardelim' in context 'biblist' already
 defined, overwriting.
)
Package biblatex Info: Trying to load citation style 'apa'...
Package biblatex Info: ... file 'apa.cbx' found.

(/usr/share/texlive/texmf-dist/tex/latex/biblatex-apa/apa.cbx
File: apa.cbx 2025/08/27 v9.20 APA biblatex citation style
Package biblatex Info: Delimiter 'nameyeardelim' in context '' already defined,
 overwriting.
Package biblatex Info: Delimiter 'andothersdelim' in context '' already defined
, overwriting.
Package biblatex Info: Redefining '\fullcite'.
Package biblatex Info: Redefining '\citeauthor'.
Package biblatex Info: Redefining '\citeyear'.
Package biblatex Info: Redefining '\cite'.
Package biblatex Info: Redefining '\cites'.
Package biblatex Info: Redefining '\parencite'.
Package biblatex Info: Redefining '\parencites'.
Package biblatex Info: Redefining '\footcite'.
Package biblatex Info: Redefining '\footcites'.
Package biblatex Info: Redefining '\footcitetext'.
Package biblatex Info: Redefining '\footcitetexts'.
Package biblatex Info: Redefining '\smartcite'.
Package biblatex Info: Redefining '\smartcites'.
Package biblatex Info: Redefining '\textcite'.
Package biblatex Info: Redefining '\textcites'.
)
Package biblatex Info: Trying to load configuration file...
Package biblatex Info: ... file 'biblatex.cfg' found.

(/usr/share/texlive/texmf-dist/tex/latex/biblatex/biblatex.cfg
File: biblatex.cfg 
)
Package biblatex Info: Input encoding 'utf8' detected.
Package biblatex Info: Document encoding is UTF8 ....

(/usr/share/texlive/texmf-dist/tex/latex/l3kernel/expl3.sty
Package: expl3 2026-05-15 L3 programming layer (loader) 

(/usr/share/texlive/texmf-dist/tex/latex/l3backend/l3backend-pdftex.def
File: l3backend-pdftex.def 2026-02-18 L3 backend support: PDF output (pdfTeX)
\l__color_backend_stack_int=\count461
))
Package biblatex Info: ... and expl3
(biblatex)             2026-05-15 L3 programming layer (loader) 
(biblatex)             is new enough (at least 2020/04/06),
(biblatex)             setting 'casechanger=expl3'.

(/usr/share/texlive/texmf-dist/tex/latex/biblatex/blx-case-expl3.sty
(/usr/share/texlive/texmf-dist/tex/latex/l3packages/xparse/xparse.sty
Package: xparse 2025-10-09 L3 Experimental document command parser
)
Package: blx-case-expl3 2025/07/10 v3.21 expl3 case changing code for biblatex
))
(/usr/share/texlive/texmf-dist/tex/latex/psnfss/helvet.sty
Package: helvet 2020/03/25 PSNFSS-v9.3 (WaS) 
)
(/usr/share/texlive/texmf-dist/tex/latex/titlesec/titlesec.sty
Package: titlesec 2025/01/04 v2.17 Sectioning titles
\ttl@box=\box63
\beforetitleunit=\skip118
\aftertitleunit=\skip119
\ttl@plus=\dimen191
\ttl@minus=\dimen192
\ttl@toksa=\toks29
\titlewidth=\dimen193
\titlewidthlast=\dimen194
\titlewidthfirst=\dimen195
)
(/usr/share/texlive/texmf-dist/tex/latex/setspace/setspace.sty
Package: setspace 2022/12/04 v6.7b set line spacing
)
(/usr/share/texlive/texmf-dist/tex/latex/geometry/geometry.sty
Package: geometry 2026/03/07 v6.0 Page Geometry

(/usr/share/texlive/texmf-dist/tex/generic/iftex/ifvtex.sty
Package: ifvtex 2019/10/25 v1.7 ifvtex legacy package. Use iftex instead.
)
\Gm@cnth=\count462
\Gm@cntv=\count463
\c@Gm@tempcnt=\count464
\Gm@bindingoffset=\dimen196
\Gm@wd@mp=\dimen197
\Gm@odd@mp=\dimen198
\Gm@even@mp=\dimen199
\Gm@layoutwidth=\dimen256
\Gm@layoutheight=\dimen257
\Gm@layouthoffset=\dimen258
\Gm@layoutvoffset=\dimen259
\Gm@dimlist=\toks30
)
(/usr/share/texlive/texmf-dist/tex/latex/fancyhdr/fancyhdr.sty
Package: fancyhdr 2025/02/07 v5.2 Extensive control of page headers and footers

\f@nch@headwidth=\skip120
\f@nch@offset@elh=\skip121
\f@nch@offset@erh=\skip122
\f@nch@offset@olh=\skip123
\f@nch@offset@orh=\skip124
\f@nch@offset@elf=\skip125
\f@nch@offset@erf=\skip126
\f@nch@offset@olf=\skip127
\f@nch@offset@orf=\skip128
\f@nch@height=\skip129
\f@nch@footalignment=\skip130
\f@nch@widthL=\skip131
\f@nch@widthC=\skip132
\f@nch@widthR=\skip133
\@temptokenb=\toks31
)
Package csquotes Info: Checking for multilingual support...
Package csquotes Info: ... none found.
LaTeX Font Info:    Trying to load font information for T1+phv on input line 87
.

(/usr/share/texlive/texmf-dist/tex/latex/psnfss/t1phv.fd
File: t1phv.fd 2020/03/25 scalable font definitions for T1/phv.
) (./main.aux
(./chapters/3-chapter3.aux) (./chapters/4-chapter4.aux)
(./chapters/5-chapter5.aux) (./chapters/6-chapter6.aux))
\openout1 = `main.aux'.

LaTeX Font Info:    Checking defaults for OML/cmm/m/it on input line 87.
LaTeX Font Info:    ... okay on input line 87.
LaTeX Font Info:    Checking defaults for OMS/cmsy/m/n on input line 87.
LaTeX Font Info:    ... okay on input line 87.
LaTeX Font Info:    Checking defaults for OT1/cmr/m/n on input line 87.
LaTeX Font Info:    ... okay on input line 87.
LaTeX Font Info:    Checking defaults for T1/cmr/m/n on input line 87.
LaTeX Font Info:    ... okay on input line 87.
LaTeX Font Info:    Checking defaults for TS1/cmr/m/n on input line 87.
LaTeX Font Info:    ... okay on input line 87.
LaTeX Font Info:    Checking defaults for OMX/cmex/m/n on input line 87.
LaTeX Font Info:    ... okay on input line 87.
LaTeX Font Info:    Checking defaults for U/cmr/m/n on input line 87.
LaTeX Font Info:    ... okay on input line 87.
LaTeX Font Info:    Checking defaults for PD1/pdf/m/n on input line 87.
LaTeX Font Info:    ... okay on input line 87.
LaTeX Font Info:    Checking defaults for PU/pdf/m/n on input line 87.
LaTeX Font Info:    ... okay on input line 87.

(/usr/share/texlive/texmf-dist/tex/context/base/mkii/supp-pdf.mkii
[Loading MPS to PDF converter (version 2006.09.02).]
\scratchcounter=\count465
\scratchdimen=\dimen260
\scratchbox=\box64
\nofMPsegments=\count466
\nofMParguments=\count467
\everyMPshowfont=\toks32
\MPscratchCnt=\count468
\MPscratchDim=\dimen261
\MPnumerator=\count469
\makeMPintoPDFobject=\count470
\everyMPtoPDFconversion=\toks33
) (/usr/share/texlive/texmf-dist/tex/latex/epstopdf-pkg/epstopdf-base.sty
Package: epstopdf-base 2020-01-24 v2.11 Base part for package epstopdf
Package epstopdf-base Info: Redefining graphics rule for `.eps' on input line 4
85.

(/usr/share/texlive/texmf-dist/tex/latex/latexconfig/epstopdf-sys.cfg
File: epstopdf-sys.cfg 2010/07/13 v1.3 Configuration of (r)epstopdf for TeX Liv
e
))
Package caption Info: Begin \AtBeginDocument code.
Package caption Info: hyperref package is loaded.
Package caption Info: longtable package is loaded.

(/usr/share/texlive/texmf-dist/tex/latex/caption/ltcaption.sty
Package: ltcaption 2021/01/08 v1.4c longtable captions (AR)
)
Package caption Info: wrapfig package is loaded.
Package caption Info: End \AtBeginDocument code.
Package hyperref Info: Link coloring OFF on input line 87.
 (./main.out)
(./main.out)
\@outlinefile=\write4
\openout4 = `main.out'.

Package biblatex Info: Trying to load language 'english' -> 'english-apa'...
Package biblatex Info: ... file 'english-apa.lbx' found.

(/usr/share/texlive/texmf-dist/tex/latex/biblatex-apa/english-apa.lbx
File: english-apa.lbx 2025/08/27 v9.20 APA biblatex localisation
Package biblatex Info: Trying to load language 'english'...
Package biblatex Info: ... file 'english.lbx' found.

(/usr/share/texlive/texmf-dist/tex/latex/biblatex/lbx/english.lbx
File: english.lbx 2025/07/10 v3.21 biblatex localization (PK/MW)
)
Package biblatex Info: Trying to load language 'american' -> 'american-apa'...
Package biblatex Info: ... file 'american-apa.lbx' found.

(/usr/share/texlive/texmf-dist/tex/latex/biblatex-apa/american-apa.lbx
File: american-apa.lbx 2025/08/27 v9.20 APA biblatex localisation
Package biblatex Info: Trying to load language 'american'...
Package biblatex Info: ... file 'american.lbx' found.

(/usr/share/texlive/texmf-dist/tex/latex/biblatex/lbx/american.lbx
File: american.lbx 2025/07/10 v3.21 biblatex localization (PK/MW)
Package biblatex Info: Trying to load language 'english'...
Package biblatex Info: ... file 'english.lbx' found.

(/usr/share/texlive/texmf-dist/tex/latex/biblatex/lbx/english.lbx
File: english.lbx 2025/07/10 v3.21 biblatex localization (PK/MW)
))))
Package biblatex Info: Input encoding 'utf8' detected.
Package biblatex Info: Automatic encoding selection.
(biblatex)             Assuming data encoding 'utf8'.
\openout3 = `main.bcf'.

Package biblatex Info: Trying to load bibliographic data...
Package biblatex Info: ... file 'main.bbl' found.

(./main.bbl

Package biblatex Warning: The following entry could not be found
(biblatex)                in the database:
(biblatex)                davies-gardinerTombHuyViceroy1926
(biblatex)                Please verify the spelling and rerun
(biblatex)                LaTeX afterwards.


Package biblatex Warning: The following entry could not be found
(biblatex)                in the database:
(biblatex)                schiffgiorginiSolebIINecropoles1972
(biblatex)                Please verify the spelling and rerun
(biblatex)                LaTeX afterwards.

)
Package biblatex Info: Reference section=0 on input line 87.
Package biblatex Info: Reference segment=0 on input line 87.

*geometry* driver: auto-detecting
*geometry* detected driver: pdftex
*geometry* verbose mode - [ preamble ] result:
* driver: pdftex
* paper: a4paper
* layout: <same size as paper>
* layoutoffset:(h,v)=(0.0pt,0.0pt)
* modes: 
* h-part:(L,W,R)=(56.9055pt, 483.69687pt, 56.9055pt)
* v-part:(T,H,B)=(71.13188pt, 702.78308pt, 71.13188pt)
* \paperwidth=597.50787pt
* \paperheight=845.04684pt
* \textwidth=483.69687pt
* \textheight=702.78308pt
* \oddsidemargin=-15.36449pt
* \evensidemargin=-15.36449pt
* \topmargin=-38.1381pt
* \headheight=12.0pt
* \headsep=25.0pt
* \topskip=11.0pt
* \footskip=15.0pt
* \marginparwidth=50.0pt
* \marginparsep=10.0pt
* \columnsep=10.0pt
* \skip\footins=10.0pt plus 4.0pt minus 2.0pt
* \hoffset=0.0pt
* \voffset=0.0pt
* \mag=1000
* \@twocolumnfalse
* \@twosidefalse
* \@mparswitchfalse
* \@reversemarginfalse
* (1in=72.27pt=25.4mm, 1cm=28.453pt)

LaTeX Font Info:    External font `cmex10' loaded for size
(Font)              <12> on input line 95.
LaTeX Font Info:    External font `cmex10' loaded for size
(Font)              <8> on input line 95.
LaTeX Font Info:    External font `cmex10' loaded for size
(Font)              <6> on input line 95.

LaTeX Warning: No \author given.

[1

{/var/lib/texmf/fonts/map/pdftex/updmap/pdftex.map}{/usr/share/texlive/texmf-di
st/fonts/enc/dvips/base/8r.enc}]
pdfTeX warning (ext4): destination with the same identifier (name{page.i}) has 
been already used, duplicate ignored
<to be read again> 
                   \relax 
l.100 \chapter
              *{Acknowledgements} [1

] (./main.toc
LaTeX Font Info:    External font `cmex10' loaded for size
(Font)              <10.95> on input line 1.
 [2

])
\tf@toc=\write5
\openout5 = `main.toc'.

 (./main.lof [3] [4]
Underfull \hbox (badness 1629) in paragraph at lines 61--61
 [][] [][]\T1/phv/m/n/10.95 Distribution (in per-cent-age) of tombs con-tain-in
g amulets by so-cial group and 
 []

LaTeX Font Info:    Font shape `T1/phv/m/it' in size <10.95> not available
(Font)              Font shape `T1/phv/m/sl' tried instead on input line 65.
[5]
Underfull \hbox (badness 3525) in paragraph at lines 70--70
 [][] [][]\T1/phv/m/n/10.95 Proportion (in per-cent-age) of ob-ject and mis-cel
-la-neous amulets, di-vided in 
 []


Underfull \hbox (badness 1789) in paragraph at lines 70--70
 \T1/phv/m/n/10.95 sub-cat-e-gories, by so-cial group and chrono-log-i-cal phas
e, rel-a-tive to the to-tal 
 []


Underfull \hbox (badness 3525) in paragraph at lines 82--82
 [][] [][]\T1/phv/m/n/10.95 Proportion (in per-cent-age) of ob-ject and mis-cel
-la-neous amulets, di-vided in 
 []

)
\tf@lof=\write6
\openout6 = `main.lof'.

 (./main.lot [6])
\tf@lot=\write7
\openout7 = `main.lot'.

 [7]
\openout2 = `chapters/3-chapter3.aux'.

 (./chapters/3-chapter3.tex
Chapter 3.

Underfull \hbox (badness 1874) in paragraph at lines 1--1
|[]\T1/phv/b/n/14 Contextualizing the Na-p-atan pe-riod: his-tor-i-cal back-gro
und and
 []

[1



]
LaTeX Font Info:    External font `cmex10' loaded for size
(Font)              <9> on input line 21.
LaTeX Font Info:    External font `cmex10' loaded for size
(Font)              <5> on input line 21.
 [2] [3] [4]

Package biblatex Warning: Package option 'sortcites' enabled.
(biblatex)                Verify postnote placement on input line 40.


Underfull \hbox (badness 2809) in paragraph at lines 94--94
[]|\T1/phv/m/n/10 ca. 885-835
 []


Underfull \hbox (badness 2809) in paragraph at lines 94--94
[]|\T1/phv/m/n/10 ca. 995-975
 []


Underfull \hbox (badness 2809) in paragraph at lines 94--94
[]|\T1/phv/m/n/10 ca. 885-835
 []


Underfull \hbox (badness 2809) in paragraph at lines 94--94
[]|\T1/phv/m/n/10 ca. 975-955
 []


Underfull \hbox (badness 2809) in paragraph at lines 94--94
[]|\T1/phv/m/n/10 ca. 865-825
 []


Underfull \hbox (badness 2809) in paragraph at lines 94--94
[]|\T1/phv/m/n/10 ca. 955-935
 []


Underfull \hbox (badness 2809) in paragraph at lines 94--94
[]|\T1/phv/m/n/10 ca. 865-825
 []


Underfull \hbox (badness 2809) in paragraph at lines 94--94
[]|\T1/phv/m/n/10 ca. 935-915
 []


Underfull \hbox (badness 2809) in paragraph at lines 94--94
[]|\T1/phv/m/n/10 ca. 845-815
 []


Underfull \hbox (badness 2809) in paragraph at lines 94--94
[]|\T1/phv/m/n/10 ca. 915-895
 []


Underfull \hbox (badness 2809) in paragraph at lines 94--94
[]|\T1/phv/m/n/10 ca. 845-815
 []


Underfull \hbox (badness 2809) in paragraph at lines 94--94
[]|\T1/phv/m/n/10 ca. 895-875
 []


Underfull \hbox (badness 2809) in paragraph at lines 94--94
[]|\T1/phv/m/n/10 ca. 825-805
 []


Underfull \hbox (badness 2809) in paragraph at lines 94--94
[]|\T1/phv/m/n/10 ca. 875-855
 []


Underfull \hbox (badness 2809) in paragraph at lines 94--94
[]|\T1/phv/m/n/10 ca. 825-805
 []


Underfull \hbox (badness 2809) in paragraph at lines 94--94
[]|\T1/phv/m/n/10 ca. 855-835
 []


Underfull \hbox (badness 2809) in paragraph at lines 94--94
[]|\T1/phv/m/n/10 ca. 805-795
 []


Underfull \hbox (badness 2809) in paragraph at lines 94--94
[]|\T1/phv/m/n/10 ca. 835-815
 []


Underfull \hbox (badness 2809) in paragraph at lines 94--94
[]|\T1/phv/m/n/10 ca. 805-795
 []


Underfull \hbox (badness 2809) in paragraph at lines 94--94
[]|\T1/phv/m/n/10 ca. 815-795
 []


Underfull \hbox (badness 2809) in paragraph at lines 94--94
[]|\T1/phv/m/n/10 ca. 795-775
 []


Underfull \hbox (badness 2809) in paragraph at lines 94--94
[]|\T1/phv/m/n/10 ca. 775-755
 []


Underfull \hbox (badness 10000) in paragraph at lines 94--94
[]|\T1/phv/m/n/10 Minor queen
 []


Underfull \hbox (badness 2809) in paragraph at lines 94--94
[]|\T1/phv/m/n/10 ca. 755-721
 []


Underfull \hbox (badness 2809) in paragraph at lines 94--94
[]|\T1/phv/m/n/10 ca. 760-747
 []


Underfull \hbox (badness 2809) in paragraph at lines 94--94
[]|\T1/phv/m/n/10 ca. 747-736
 []


Underfull \hbox (badness 10000) in paragraph at lines 94--94
[]|\T1/phv/m/n/10 Queen
 []


Underfull \hbox (badness 10000) in paragraph at lines 94--94
[]|\T1/phv/m/n/10 Minor queen
 []


ignored: Infinite glue shrinkage found in box being split [5] [6] [7] [8] [9]

Package biblatex Warning: Package option 'sortcites' enabled.
(biblatex)                Verify postnote placement on input line 131.

[10]

LaTeX Warning: Citation 'schiffgiorginiSolebIINecropoles1972' on page 11 undefi
ned on input line 141.


LaTeX Warning: Citation 'davies-gardinerTombHuyViceroy1926' on page 11 undefine
d on input line 143.

[11] [12] [13]
Underfull \hbox (badness 1603) in paragraph at lines 161--162
\T1/phv/m/n/10.95 in the ar-chae-o-log-i-cal record ([]How-ley, []2020a[], p. 4
94). While ar-chae-o-log-i-cal ev-i-dence for
 []

[14]) [15] [16]
\openout2 = `chapters/4-chapter4.aux'.

 (./chapters/4-chapter4.tex
Chapter 4.

Underfull \hbox (badness 1424) in paragraph at lines 6--7
[]\T1/phv/m/n/10.95 The ini-tial anal-y-sis of tomb ar-chi-tec-ture and ob-ject
 types aims to es-tab-lish a base-line
 []


Underfull \hbox (badness 1132) in paragraph at lines 6--7
\T1/phv/m/n/10.95 un-der-stand-ing of Na-p-atan royal burial prac-tices and the
ir evo-lu-tion through-out the Na-p-atan
 []


Package biblatex Warning: Package option 'sortcites' enabled.
(biblatex)                Verify postnote placement on input line 12.

[17




] [18]
<./images/chapter4/pre-tombs.png, id=1204, 1443.3925pt x 800.9925pt>
File: ./images/chapter4/pre-tombs.png Graphic file (type png)
<use ./images/chapter4/pre-tombs.png>
Package pdftex.def Info: ./images/chapter4/pre-tombs.png  used on input line 36
.
(pdftex.def)             Requested size: 483.69687pt x 268.42276pt.
 [19]
Underfull \hbox (badness 10000) in paragraph at lines 87--87
[]|\T1/phv/b/n/10 Super- and
 []


Underfull \hbox (badness 10000) in paragraph at lines 87--87
[]|\T1/phv/b/n/10 Bed holes
 []


Underfull \hbox (badness 10000) in paragraph at lines 87--87
\T1/phv/b/n/10 and/or cof-fin
 []


Underfull \hbox (badness 10000) in paragraph at lines 87--87
[]|\T1/phv/b/n/10 Super- and
 []


Underfull \hbox (badness 10000) in paragraph at lines 87--87
[]|\T1/phv/b/n/10 Bed holes
 []


Underfull \hbox (badness 10000) in paragraph at lines 87--87
\T1/phv/b/n/10 and/or cof-fin
 []


ignored: Infinite glue shrinkage found in box being split [20 <./images/chapter4/pre-tom
bs.png>]
<./images/chapter4/pre-objs.png, id=1225, 1407.2575pt x 669.50125pt>
File: ./images/chapter4/pre-objs.png Graphic file (type png)
<use ./images/chapter4/pre-objs.png>
Package pdftex.def Info: ./images/chapter4/pre-objs.png  used on input line 94.

(pdftex.def)             Requested size: 483.69687pt x 230.10983pt.
 [21 <./images/chapter4/pre-objs.png>]
<./images/chapter4/pre-motifs.png, id=1232, 1585.925pt x 499.8675pt>
File: ./images/chapter4/pre-motifs.png Graphic file (type png)
<use ./images/chapter4/pre-motifs.png>
Package pdftex.def Info: ./images/chapter4/pre-motifs.png  used on input line 1
05.
(pdftex.def)             Requested size: 483.69687pt x 152.45555pt.
<./images/chapter4/pre-amulet-1.png, id=1233, 134.30174pt x 135.26535pt>
File: ./images/chapter4/pre-amulet-1.png Graphic file (type png)
<use ./images/chapter4/pre-amulet-1.png>
Package pdftex.def Info: ./images/chapter4/pre-amulet-1.png  used on input line
 112.
(pdftex.def)             Requested size: 72.55669pt x 73.07727pt.
<./images/chapter4/pre-amulet-2.png, id=1234, 581.17125pt x 1084.05pt>
File: ./images/chapter4/pre-amulet-2.png Graphic file (type png)
<use ./images/chapter4/pre-amulet-2.png>
Package pdftex.def Info: ./images/chapter4/pre-amulet-2.png  used on input line
 113.
(pdftex.def)             Requested size: 45.7586pt x 85.35284pt.

Underfull \hbox (badness 7522) in paragraph at lines 114--114
[]\T1/phv/b/n/10 Figure 4.4: |\T1/phv/m/n/10 Amulet of an
 []


Underfull \hbox (badness 10000) in paragraph at lines 114--114
\T1/phv/m/n/10 in-scribed gold nugget and
 []


Underfull \hbox (badness 10000) in paragraph at lines 114--114
\T1/phv/m/n/10 double-sided amulet of a
 []

<./images/chapter4/25-tombs.png, id=1244, 1600.98125pt x 866.23625pt>
File: ./images/chapter4/25-tombs.png Graphic file (type png)
<use ./images/chapter4/25-tombs.png>
Package pdftex.def Info: ./images/chapter4/25-tombs.png  used on input line 127
.
(pdftex.def)             Requested size: 483.69687pt x 261.71014pt.
[22 <./images/chapter4/pre-motifs.png> <./images/chapter4/pre-amulet-1.png> <./
images/chapter4/pre-amulet-2.png>] [23 <./images/chapter4/25-tombs.png>]
Underfull \hbox (badness 10000) in paragraph at lines 204--204
[]|\T1/phv/b/n/10 Type of
 []


Underfull \hbox (badness 10000) in paragraph at lines 204--204
[]|\T1/phv/b/n/10 N. of
 []


Underfull \hbox (badness 10000) in paragraph at lines 204--204
[]|\T1/phv/b/n/10 Bed holes
 []


Underfull \hbox (badness 10000) in paragraph at lines 204--204
\T1/phv/b/n/10 and/or
 []


Underfull \hbox (badness 10000) in paragraph at lines 204--204
\T1/phv/b/n/10 cof-fin
 []


Underfull \hbox (badness 10000) in paragraph at lines 204--204
[]|\T1/phv/b/n/10 Type of
 []


Underfull \hbox (badness 10000) in paragraph at lines 204--204
[]|\T1/phv/b/n/10 N. of
 []


Underfull \hbox (badness 10000) in paragraph at lines 204--204
[]|\T1/phv/b/n/10 Bed holes
 []


Underfull \hbox (badness 10000) in paragraph at lines 204--204
\T1/phv/b/n/10 and/or
 []


Underfull \hbox (badness 10000) in paragraph at lines 204--204
\T1/phv/b/n/10 cof-fin
 []


Underfull \hbox (badness 10000) in paragraph at lines 204--204
[]|\T1/phv/m/n/10 coffin
 []


ignored: Infinite glue shrinkage found in box being split [24]
<./images/chapter4/25-tabiry-tomb.png, id=1267, 476.78125pt x 209.78375pt>
File: ./images/chapter4/25-tabiry-tomb.png Graphic file (type png)
<use ./images/chapter4/25-tabiry-tomb.png>
Package pdftex.def Info: ./images/chapter4/25-tabiry-tomb.png  used on input li
ne 211.
(pdftex.def)             Requested size: 290.22107pt x 127.7022pt.
 [25]
<./images/chapter4/25-taharqa-tomb.png, id=1279, 576.1525pt x 293.095pt>
File: ./images/chapter4/25-taharqa-tomb.png Graphic file (type png)
<use ./images/chapter4/25-taharqa-tomb.png>
Package pdftex.def Info: ./images/chapter4/25-taharqa-tomb.png  used on input l
ine 226.
(pdftex.def)             Requested size: 290.22107pt x 147.64284pt.

Underfull \hbox (badness 1616) in paragraph at lines 231--232
[]\T1/phv/m/n/10.95 Direct ev-i-dence for coffins is scarce, with only one buri
al (Ku. 52, Pi-ankhy's queen
 []

[26 <./images/chapter4/25-tabiry-tomb.png> <./images/chapter4/25-taharqa-tomb.p
ng>]
<./images/chapter4/25-objs-el-kurru.png, id=1289, 903.375pt x 1204.5pt>
File: ./images/chapter4/25-objs-el-kurru.png Graphic file (type png)
<use ./images/chapter4/25-objs-el-kurru.png>
Package pdftex.def Info: ./images/chapter4/25-objs-el-kurru.png  used on input 
line 241.
(pdftex.def)             Requested size: 170.70569pt x 227.60759pt.
<./images/chapter4/25-objs-nuri.png, id=1290, 903.375pt x 1204.5pt>
File: ./images/chapter4/25-objs-nuri.png Graphic file (type png)
<use ./images/chapter4/25-objs-nuri.png>
Package pdftex.def Info: ./images/chapter4/25-objs-nuri.png  used on input line
 245.
(pdftex.def)             Requested size: 170.70569pt x 227.60759pt.
 [27 <./images/chapter4/25-objs-el-kurru.png> <./images/chapter4/25-objs-nuri.p
ng>]
Underfull \hbox (badness 5147) in paragraph at lines 287--287
[]|\T1/phv/b/n/10 Total num-ber
 []


Underfull \hbox (badness 5147) in paragraph at lines 287--287
[]|\T1/phv/b/n/10 Total num-ber
 []


Underfull \hbox (badness 6893) in paragraph at lines 287--287
[]|\T1/phv/b/n/10 N. of tombs
 []


Underfull \hbox (badness 10000) in paragraph at lines 287--287
[]|\T1/phv/b/n/10 % of tombs
 []


Underfull \hbox (badness 5147) in paragraph at lines 287--287
[]|\T1/phv/b/n/10 Total num-ber
 []


Underfull \hbox (badness 5147) in paragraph at lines 287--287
[]|\T1/phv/b/n/10 Total num-ber
 []


Underfull \hbox (badness 6893) in paragraph at lines 287--287
[]|\T1/phv/b/n/10 N. of tombs
 []


Underfull \hbox (badness 10000) in paragraph at lines 287--287
[]|\T1/phv/b/n/10 % of tombs
 []

[28]
<./images/chapter4/25-types-el-kurru.png, id=1309, 962.59625pt x 492.84125pt>
File: ./images/chapter4/25-types-el-kurru.png Graphic file (type png)
<use ./images/chapter4/25-types-el-kurru.png>
Package pdftex.def Info: ./images/chapter4/25-types-el-kurru.png  used on input
 line 298.
(pdftex.def)             Requested size: 237.00584pt x 121.345pt.
<./images/chapter4/25-types-nuri.png, id=1310, 850.17625pt x 490.83376pt>
File: ./images/chapter4/25-types-nuri.png Graphic file (type png)
<use ./images/chapter4/25-types-nuri.png>
Package pdftex.def Info: ./images/chapter4/25-types-nuri.png  used on input lin
e 302.
(pdftex.def)             Requested size: 237.00992pt x 136.83334pt.
 [29 <./images/chapter4/25-types-el-kurru.png> <./images/chapter4/25-types-nuri
.png>]
<./images/chapter4/25-deities-el-kurru.png, id=1319, 1608.0075pt x 868.24374pt>

File: ./images/chapter4/25-deities-el-kurru.png Graphic file (type png)
<use ./images/chapter4/25-deities-el-kurru.png>
Package pdftex.def Info: ./images/chapter4/25-deities-el-kurru.png  used on inp
ut line 320.
(pdftex.def)             Requested size: 483.69687pt x 261.16405pt.
 [30 <./images/chapter4/25-deities-el-kurru.png>]
<./images/chapter4/25-24.616.jpg, id=1329, 1237.62375pt x 1606.0pt>
File: ./images/chapter4/25-24.616.jpg Graphic file (type jpg)
<use ./images/chapter4/25-24.616.jpg>
Package pdftex.def Info: ./images/chapter4/25-24.616.jpg  used on input line 33
7.
(pdftex.def)             Requested size: 87.70004pt x 113.80379pt.
<./images/chapter4/25-24.683.jpg, id=1330, 1156.32pt x 1606.0pt>
File: ./images/chapter4/25-24.683.jpg Graphic file (type jpg)
<use ./images/chapter4/25-24.683.jpg>
Package pdftex.def Info: ./images/chapter4/25-24.683.jpg  used on input line 34
1.
(pdftex.def)             Requested size: 81.93874pt x 113.80379pt.
<./images/chapter4/25-24.1800.jpg, id=1331, 1062.97125pt x 1606.0pt>
File: ./images/chapter4/25-24.1800.jpg Graphic file (type jpg)
<use ./images/chapter4/25-24.1800.jpg>
Package pdftex.def Info: ./images/chapter4/25-24.1800.jpg  used on input line 3
45.
(pdftex.def)             Requested size: 75.32388pt x 113.80379pt.
<./images/chapter4/25-sudan-1.png, id=1332, 681.54625pt x 1224.575pt>
File: ./images/chapter4/25-sudan-1.png Graphic file (type png)
<use ./images/chapter4/25-sudan-1.png>
Package pdftex.def Info: ./images/chapter4/25-sudan-1.png  used on input line 3
51.
(pdftex.def)             Requested size: 63.33322pt x 113.7946pt.
<./images/chapter4/25-24.707.jpg, id=1333, 1145.27875pt x 1606.0pt>
File: ./images/chapter4/25-24.707.jpg Graphic file (type jpg)
<use ./images/chapter4/25-24.707.jpg>
Package pdftex.def Info: ./images/chapter4/25-24.707.jpg  used on input line 35
5.
(pdftex.def)             Requested size: 81.15633pt x 113.80379pt.
<./images/chapter4/25-sudan-2.png, id=1334, 755.82375pt x 1284.8pt>
File: ./images/chapter4/25-sudan-2.png Graphic file (type png)
<use ./images/chapter4/25-sudan-2.png>
Package pdftex.def Info: ./images/chapter4/25-sudan-2.png  used on input line 3
59.
(pdftex.def)             Requested size: 66.94864pt x 113.80379pt.

Underfull \hbox (badness 10000) in paragraph at lines 365--365
\T1/phv/m/n/10 from 25th Dy-nasty
 []


Underfull \hbox (badness 10000) in paragraph at lines 365--365
\T1/phv/m/n/10 El-Kurru de-pict-ing
 []


Underfull \hbox (badness 10000) in paragraph at lines 365--365
\T1/phv/m/n/10 lion-headed fe-male
 []


Underfull \hbox (badness 1701) in paragraph at lines 365--365
\T1/phv/m/n/10 fig-ures (from top to
 []


Underfull \hbox (badness 5970) in paragraph at lines 365--365
\T1/phv/m/n/10 bot-tom and left to
 []


Underfull \hbox (badness 2269) in paragraph at lines 365--365
\T1/phv/m/n/10 24.683, SNM 2014,
 []

<./images/chapter4/25-2deities.png, id=1336, 1610.015pt x 690.58pt>
File: ./images/chapter4/25-2deities.png Graphic file (type png)
<use ./images/chapter4/25-2deities.png>
Package pdftex.def Info: ./images/chapter4/25-2deities.png  used on input line 
374.
(pdftex.def)             Requested size: 483.69687pt x 207.47064pt.
[31 <./images/chapter4/25-24.616.jpg> <./images/chapter4/25-24.683.jpg> <./imag
es/chapter4/25-24.1800.jpg> <./images/chapter4/25-sudan-1.png> <./images/chapte
r4/25-24.707.jpg> <./images/chapter4/25-sudan-2.png> <./images/chapter4/25-2dei
ties.png>]
<./images/chapter4/25-24.697.jpg, id=1347, 1062.97125pt x 1606.0pt>
File: ./images/chapter4/25-24.697.jpg Graphic file (type jpg)
<use ./images/chapter4/25-24.697.jpg>
Package pdftex.def Info: ./images/chapter4/25-24.697.jpg  used on input line 38
5.
(pdftex.def)             Requested size: 94.15486pt x 142.25475pt.
<./images/chapter4/25-24.696.jpg, id=1348, 1347.0325pt x 1606.0pt>
File: ./images/chapter4/25-24.696.jpg Graphic file (type jpg)
<use ./images/chapter4/25-24.696.jpg>
Package pdftex.def Info: ./images/chapter4/25-24.696.jpg  used on input line 38
9.
(pdftex.def)             Requested size: 119.31616pt x 142.25475pt.
<./images/chapter4/25-24.681.jpg, id=1349, 1056.94875pt x 1606.0pt>
File: ./images/chapter4/25-24.681.jpg Graphic file (type jpg)
<use ./images/chapter4/25-24.681.jpg>
Package pdftex.def Info: ./images/chapter4/25-24.681.jpg  used on input line 39
3.
(pdftex.def)             Requested size: 93.6214pt x 142.25475pt.
<./images/chapter4/25-21.321.jpg, id=1353, 962.59625pt x 1172.38pt>
File: ./images/chapter4/25-21.321.jpg Graphic file (type jpg)
<use ./images/chapter4/25-21.321.jpg>
Package pdftex.def Info: ./images/chapter4/25-21.321.jpg  used on input line 40
5.
(pdftex.def)             Requested size: 116.7991pt x 142.25375pt.
<./images/chapter4/25-24.682.jpg, id=1354, 671.50874pt x 1380.15625pt>
File: ./images/chapter4/25-24.682.jpg Graphic file (type jpg)
<use ./images/chapter4/25-24.682.jpg>
Package pdftex.def Info: ./images/chapter4/25-24.682.jpg  used on input line 41
2.
(pdftex.def)             Requested size: 69.21432pt x 142.25665pt.
 [32 <./images/chapter4/25-24.697.jpg> <./images/chapter4/25-24.696.jpg> <./ima
ges/chapter4/25-24.681.jpg> <./images/chapter4/25-21.321.jpg> <./images/chapter
4/25-24.682.jpg>]
<./images/chapter4/25-24.625.jpg, id=1373, 1062.97125pt x 1606.0pt>
File: ./images/chapter4/25-24.625.jpg Graphic file (type jpg)
<use ./images/chapter4/25-24.625.jpg>
Package pdftex.def Info: ./images/chapter4/25-24.625.jpg  used on input line 42
8.
(pdftex.def)             Requested size: 94.15486pt x 142.25475pt.
<./images/chapter4/25-24.928.jpg, id=1374, 907.39pt x 1334.9875pt>
File: ./images/chapter4/25-24.928.jpg Graphic file (type jpg)
<use ./images/chapter4/25-24.928.jpg>
Package pdftex.def Info: ./images/chapter4/25-24.928.jpg  used on input line 43
5.
(pdftex.def)             Requested size: 96.68408pt x 142.2454pt.
 [33 <./images/chapter4/25-24.625.jpg> <./images/chapter4/25-24.928.jpg>]
<./images/chapter4/25-21.304.jpg, id=1383, 1606.0pt x 1202.4925pt>
File: ./images/chapter4/25-21.304.jpg Graphic file (type jpg)
<use ./images/chapter4/25-21.304.jpg>
Package pdftex.def Info: ./images/chapter4/25-21.304.jpg  used on input line 45
0.
(pdftex.def)             Requested size: 116.08281pt x 86.917pt.
<./images/chapter4/25-21.304-2.png, id=1384, 131.5314pt x 127.55655pt>
File: ./images/chapter4/25-21.304-2.png Graphic file (type png)
<use ./images/chapter4/25-21.304-2.png>
Package pdftex.def Info: ./images/chapter4/25-21.304-2.png  used on input line 
454.
(pdftex.def)             Requested size: 116.09518pt x 112.58682pt.
<./images/chapter4/25-24.656.jpg, id=1385, 1018.80624pt x 1286.8075pt>
File: ./images/chapter4/25-24.656.jpg Graphic file (type jpg)
<use ./images/chapter4/25-24.656.jpg>
Package pdftex.def Info: ./images/chapter4/25-24.656.jpg  used on input line 46
0.
(pdftex.def)             Requested size: 90.10294pt x 113.8049pt.
<./images/chapter4/25-24.656-2.png, id=1386, 224.5188pt x 287.3937pt>
File: ./images/chapter4/25-24.656-2.png Graphic file (type png)
<use ./images/chapter4/25-24.656-2.png>
Package pdftex.def Info: ./images/chapter4/25-24.656-2.png  used on input line 
464.
(pdftex.def)             Requested size: 88.91176pt x 113.81088pt.
<./images/chapter4/25-deities-nuri.png, id=1387, 1440.38126pt x 500.87125pt>
File: ./images/chapter4/25-deities-nuri.png Graphic file (type png)
<use ./images/chapter4/25-deities-nuri.png>
Package pdftex.def Info: ./images/chapter4/25-deities-nuri.png  used on input l
ine 473.
(pdftex.def)             Requested size: 483.69687pt x 168.19223pt.
<./images/chapter4/25-symbols-el-kurru.png, id=1392, 818.05624pt x 641.39626pt>

File: ./images/chapter4/25-symbols-el-kurru.png Graphic file (type png)
<use ./images/chapter4/25-symbols-el-kurru.png>
Package pdftex.def Info: ./images/chapter4/25-symbols-el-kurru.png  used on inp
ut line 486.
(pdftex.def)             Requested size: 237.00554pt x 185.82397pt.
<./images/chapter4/25-symbols-nuri.png, id=1393, 855.195pt x 642.4pt>
File: ./images/chapter4/25-symbols-nuri.png Graphic file (type png)
<use ./images/chapter4/25-symbols-nuri.png>
Package pdftex.def Info: ./images/chapter4/25-symbols-nuri.png  used on input l
ine 490.
(pdftex.def)             Requested size: 237.01277pt x 178.03775pt.
 [34 <./images/chapter4/25-21.304.jpg> <./images/chapter4/25-21.304-2.png> <./i
mages/chapter4/25-24.656.jpg> <./images/chapter4/25-24.656-2.png> <./images/cha
pter4/25-deities-nuri.png>]
<./images/chapter4/25-24.650.jpg, id=1407, 1606.0pt x 1174.3875pt>
File: ./images/chapter4/25-24.650.jpg Graphic file (type jpg)
<use ./images/chapter4/25-24.650.jpg>
Package pdftex.def Info: ./images/chapter4/25-24.650.jpg  used on input line 50
2.
(pdftex.def)             Requested size: 116.08281pt x 84.88556pt.
<./images/chapter4/25-24.586.jpg, id=1408, 852.18375pt x 1204.5pt>
File: ./images/chapter4/25-24.586.jpg Graphic file (type jpg)
<use ./images/chapter4/25-24.586.jpg>
Package pdftex.def Info: ./images/chapter4/25-24.586.jpg  used on input line 50
6.
(pdftex.def)             Requested size: 80.51617pt x 113.80379pt.
<./images/chapter4/25-24.1086.jpg, id=1409, 1062.97125pt x 1606.0pt>
File: ./images/chapter4/25-24.1086.jpg Graphic file (type jpg)
<use ./images/chapter4/25-24.1086.jpg>
Package pdftex.def Info: ./images/chapter4/25-24.1086.jpg  used on input line 5
10.
(pdftex.def)             Requested size: 75.32388pt x 113.80379pt.
<./images/chapter4/25-20.648.jpg, id=1410, 949.29657pt x 1204.5pt>
File: ./images/chapter4/25-20.648.jpg Graphic file (type jpg)
<use ./images/chapter4/25-20.648.jpg>
Package pdftex.def Info: ./images/chapter4/25-20.648.jpg  used on input line 51
4.
(pdftex.def)             Requested size: 89.6916pt x 113.80379pt.
 [35 <./images/chapter4/25-symbols-el-kurru.png> <./images/chapter4/25-symbols-
nuri.png> <./images/chapter4/25-24.650.jpg> <./images/chapter4/25-24.586.jpg> <
./images/chapter4/25-24.1086.jpg> <./images/chapter4/25-20.648.jpg>]
<./images/chapter4/25-24.662.jpg, id=1421, 1160.335pt x 1606.0pt>
File: ./images/chapter4/25-24.662.jpg Graphic file (type jpg)
<use ./images/chapter4/25-24.662.jpg>
Package pdftex.def Info: ./images/chapter4/25-24.662.jpg  used on input line 53
1.
(pdftex.def)             Requested size: 82.22324pt x 113.80379pt.
<./images/chapter4/25-24.713.jpg, id=1422, 1386.17876pt x 1606.0pt>
File: ./images/chapter4/25-24.713.jpg Graphic file (type jpg)
<use ./images/chapter4/25-24.713.jpg>
Package pdftex.def Info: ./images/chapter4/25-24.713.jpg  used on input line 53
5.
(pdftex.def)             Requested size: 98.2269pt x 113.80379pt.
<./images/chapter4/25-24.972.jpg, id=1423, 1202.4925pt x 1606.0pt>
File: ./images/chapter4/25-24.972.jpg Graphic file (type jpg)
<use ./images/chapter4/25-24.972.jpg>
Package pdftex.def Info: ./images/chapter4/25-24.972.jpg  used on input line 54
6.
(pdftex.def)             Requested size: 85.21059pt x 113.80379pt.
<./images/chapter4/25-24.974.jpg, id=1424, 1233.60875pt x 1606.0pt>
File: ./images/chapter4/25-24.974.jpg Graphic file (type jpg)
<use ./images/chapter4/25-24.974.jpg>
Package pdftex.def Info: ./images/chapter4/25-24.974.jpg  used on input line 55
0.
(pdftex.def)             Requested size: 87.41554pt x 113.80379pt.

Underfull \hbox (badness 1117) in paragraph at lines 552--552
[]\T1/phv/b/n/10 Figure 4.23: |\T1/phv/m/n/10 Amulets de-pict-ing a ram head
 []

<./images/chapter4/25-24.630.jpg, id=1428, 1088.065pt x 1606.0pt>
File: ./images/chapter4/25-24.630.jpg Graphic file (type jpg)
<use ./images/chapter4/25-24.630.jpg>
Package pdftex.def Info: ./images/chapter4/25-24.630.jpg  used on input line 56
4.
(pdftex.def)             Requested size: 77.10207pt x 113.80379pt.
<./images/chapter4/25-24.1014.jpg, id=1429, 1074.0125pt x 1606.0pt>
File: ./images/chapter4/25-24.1014.jpg Graphic file (type jpg)
<use ./images/chapter4/25-24.1014.jpg>
Package pdftex.def Info: ./images/chapter4/25-24.1014.jpg  used on input line 5
68.
(pdftex.def)             Requested size: 76.10628pt x 113.80379pt.
<./images/chapter4/25-24.1015.jpg, id=1430, 1606.0pt x 1091.07625pt>
File: ./images/chapter4/25-24.1015.jpg Graphic file (type jpg)
<use ./images/chapter4/25-24.1015.jpg>
Package pdftex.def Info: ./images/chapter4/25-24.1015.jpg  used on input line 5
72.
(pdftex.def)             Requested size: 116.08281pt x 78.86375pt.
<./images/chapter4/25-20.670.jpg, id=1431, 1204.5pt x 950.80219pt>
File: ./images/chapter4/25-20.670.jpg Graphic file (type jpg)
<use ./images/chapter4/25-20.670.jpg>
Package pdftex.def Info: ./images/chapter4/25-20.670.jpg  used on input line 58
2.
(pdftex.def)             Requested size: 96.72955pt x 76.35588pt.
<./images/chapter4/25-20.673.jpg, id=1432, 926.71219pt x 1204.5pt>
File: ./images/chapter4/25-20.673.jpg Graphic file (type jpg)
<use ./images/chapter4/25-20.673.jpg>
Package pdftex.def Info: ./images/chapter4/25-20.673.jpg  used on input line 58
6.
(pdftex.def)             Requested size: 87.55779pt x 113.80379pt.
<./images/chapter4/25-20.671.jpg, id=1433, 919.93687pt x 1204.5pt>
File: ./images/chapter4/25-20.671.jpg Graphic file (type jpg)
<use ./images/chapter4/25-20.671.jpg>
Package pdftex.def Info: ./images/chapter4/25-20.671.jpg  used on input line 59
0.
(pdftex.def)             Requested size: 86.91765pt x 113.80379pt.
<./images/chapter4/25-20.654.jpg, id=1434, 789.70032pt x 1204.5pt>
File: ./images/chapter4/25-20.654.jpg Graphic file (type jpg)
<use ./images/chapter4/25-20.654.jpg>
Package pdftex.def Info: ./images/chapter4/25-20.654.jpg  used on input line 59
4.
(pdftex.def)             Requested size: 74.61261pt x 113.80379pt.
<./images/chapter4/25-20.247.jpg, id=1435, 1019.81pt x 1606.0pt>
File: ./images/chapter4/25-20.247.jpg Graphic file (type jpg)
<use ./images/chapter4/25-20.247.jpg>
Package pdftex.def Info: ./images/chapter4/25-20.247.jpg  used on input line 59
8.
(pdftex.def)             Requested size: 72.26541pt x 113.80379pt.
<./images/chapter4/25-animals.png, id=1436, 1448.41125pt x 495.8525pt>
File: ./images/chapter4/25-animals.png Graphic file (type png)
<use ./images/chapter4/25-animals.png>
Package pdftex.def Info: ./images/chapter4/25-animals.png  used on input line 6
06.
(pdftex.def)             Requested size: 483.69687pt x 165.58388pt.
[36 <./images/chapter4/25-24.662.jpg> <./images/chapter4/25-24.713.jpg> <./imag
es/chapter4/25-24.972.jpg> <./images/chapter4/25-24.974.jpg> <./images/chapter4
/25-24.630.jpg> <./images/chapter4/25-24.1014.jpg> <./images/chapter4/25-24.101
5.jpg> <./images/chapter4/25-20.670.jpg> <./images/chapter4/25-20.673.jpg> <./i
mages/chapter4/25-20.671.jpg> <./images/chapter4/25-20.654.jpg> <./images/chapt
er4/25-20.247.jpg>]
<./images/chapter4/25-24.1085.jpg, id=1443, 621.82312pt x 511.15968pt>
File: ./images/chapter4/25-24.1085.jpg Graphic file (type jpg)
<use ./images/chapter4/25-24.1085.jpg>
Package pdftex.def Info: ./images/chapter4/25-24.1085.jpg  used on input line 6
17.
(pdftex.def)             Requested size: 87.06189pt x 71.56186pt.
<./images/chapter4/25-24.973.jpg, id=1444, 1204.5pt x 803.25093pt>
File: ./images/chapter4/25-24.973.jpg Graphic file (type jpg)
<use ./images/chapter4/25-24.973.jpg>
Package pdftex.def Info: ./images/chapter4/25-24.973.jpg  used on input line 61
8.
(pdftex.def)             Requested size: 87.06189pt x 58.05954pt.
<./images/chapter4/25-20.669.jpg, id=1445, 1204.5pt x 1032.85875pt>
File: ./images/chapter4/25-20.669.jpg Graphic file (type jpg)
<use ./images/chapter4/25-20.669.jpg>
Package pdftex.def Info: ./images/chapter4/25-20.669.jpg  used on input line 61
9.
(pdftex.def)             Requested size: 87.06189pt x 74.65575pt.
<./images/chapter4/25-24.706.jpg, id=1446, 1062.97125pt x 1606.0pt>
File: ./images/chapter4/25-24.706.jpg Graphic file (type jpg)
<use ./images/chapter4/25-24.706.jpg>
Package pdftex.def Info: ./images/chapter4/25-24.706.jpg  used on input line 62
0.
(pdftex.def)             Requested size: 87.06189pt x 131.52132pt.
<./images/chapter4/25-21.314.jpg, id=1447, 1457.445pt x 1606.0pt>
File: ./images/chapter4/25-21.314.jpg Graphic file (type jpg)
<use ./images/chapter4/25-21.314.jpg>
Package pdftex.def Info: ./images/chapter4/25-21.314.jpg  used on input line 62
1.
(pdftex.def)             Requested size: 87.06189pt x 95.91473pt.
<./images/chapter4/25-24.976.jpg, id=1448, 1202.4925pt x 1606.0pt>
File: ./images/chapter4/25-24.976.jpg Graphic file (type jpg)
<use ./images/chapter4/25-24.976.jpg>
Package pdftex.def Info: ./images/chapter4/25-24.976.jpg  used on input line 62
2.
(pdftex.def)             Requested size: 87.06189pt x 116.25435pt.


LaTeX Warning: Reference `fig:25-animal-pics' on page 37 undefined on input lin
e 628.

[37 <./images/chapter4/25-animals.png> <./images/chapter4/25-24.1085.jpg> <./im
ages/chapter4/25-24.973.jpg> <./images/chapter4/25-20.669.jpg> <./images/chapte
r4/25-24.706.jpg> <./images/chapter4/25-21.314.jpg> <./images/chapter4/25-24.97
6.jpg>]
<./images/chapter4/25-ram-pillar.png, id=1456, 545.03625pt x 616.3025pt>
File: ./images/chapter4/25-ram-pillar.png Graphic file (type png)
<use ./images/chapter4/25-ram-pillar.png>
Package pdftex.def Info: ./images/chapter4/25-ram-pillar.png  used on input lin
e 634.
(pdftex.def)             Requested size: 96.73837pt x 109.3874pt.

Underfull \hbox (badness 10000) in paragraph at lines 635--635
\T1/phv/m/n/10 of a ram's head
 []


Underfull \hbox (badness 10000) in paragraph at lines 635--635
\T1/phv/m/n/10 ^^Pcylin-der^^Q ([]Dun-ham,
 []

<./images/chapter4/25-nature-objs-misc.png, id=1464, 1452.42625pt x 501.875pt>
File: ./images/chapter4/25-nature-objs-misc.png Graphic file (type png)
<use ./images/chapter4/25-nature-objs-misc.png>
Package pdftex.def Info: ./images/chapter4/25-nature-objs-misc.png  used on inp
ut line 645.
(pdftex.def)             Requested size: 483.69687pt x 167.13553pt.
<./images/chapter4/25-24.651.jpg, id=1469, 1223.57124pt x 1606.0pt>
File: ./images/chapter4/25-24.651.jpg Graphic file (type jpg)
<use ./images/chapter4/25-24.651.jpg>
Package pdftex.def Info: ./images/chapter4/25-24.651.jpg  used on input line 65
8.
(pdftex.def)             Requested size: 86.70427pt x 113.80379pt.
<./images/chapter4/25-20.649.jpg, id=1470, 892.08281pt x 1204.5pt>
File: ./images/chapter4/25-20.649.jpg Graphic file (type jpg)
<use ./images/chapter4/25-20.649.jpg>
Package pdftex.def Info: ./images/chapter4/25-20.649.jpg  used on input line 66
2.
(pdftex.def)             Requested size: 84.28593pt x 113.80379pt.
<./images/chapter4/25-24.617.jpg, id=1471, 990.70125pt x 1606.0pt>
File: ./images/chapter4/25-24.617.jpg Graphic file (type jpg)
<use ./images/chapter4/25-24.617.jpg>
Package pdftex.def Info: ./images/chapter4/25-24.617.jpg  used on input line 66
6.
(pdftex.def)             Requested size: 70.20271pt x 113.80379pt.
<./images/chapter4/25-20.650.jpg, id=1472, 1606.0pt x 1039.885pt>
File: ./images/chapter4/25-20.650.jpg Graphic file (type jpg)
<use ./images/chapter4/25-20.650.jpg>
Package pdftex.def Info: ./images/chapter4/25-20.650.jpg  used on input line 67
0.
(pdftex.def)             Requested size: 116.08281pt x 75.16362pt.
[38 <./images/chapter4/25-ram-pillar.png> <./images/chapter4/25-nature-objs-mis
c.png>]
<./images/chapter4/25-materials-el-kurru.png, id=1485, 1591.9475pt x 650.43pt>
File: ./images/chapter4/25-materials-el-kurru.png Graphic file (type png)
<use ./images/chapter4/25-materials-el-kurru.png>
Package pdftex.def Info: ./images/chapter4/25-materials-el-kurru.png  used on i
nput line 682.
(pdftex.def)             Requested size: 483.68501pt x 197.62161pt.
<./images/chapter4/25-materials-nuri.png, id=1486, 1530.71875pt x 597.23125pt>
File: ./images/chapter4/25-materials-nuri.png Graphic file (type png)
<use ./images/chapter4/25-materials-nuri.png>
Package pdftex.def Info: ./images/chapter4/25-materials-nuri.png  used on input
 line 686.
(pdftex.def)             Requested size: 483.69716pt x 188.72118pt.
 [39 <./images/chapter4/25-24.651.jpg> <./images/chapter4/25-20.649.jpg> <./ima
ges/chapter4/25-24.617.jpg> <./images/chapter4/25-20.650.jpg> <./images/chapter
4/25-materials-el-kurru.png> <./images/chapter4/25-materials-nuri.png>]
[40]
<./images/chapter4/25-falcon-enamel.png, id=1525, 1302.8675pt x 1734.48pt>
File: ./images/chapter4/25-falcon-enamel.png Graphic file (type png)
<use ./images/chapter4/25-falcon-enamel.png>
Package pdftex.def Info: ./images/chapter4/25-falcon-enamel.png  used on input 
line 706.
(pdftex.def)             Requested size: 96.73671pt x 128.78355pt.

Underfull \hbox (badness 10000) in paragraph at lines 707--707
\T1/phv/m/n/10 as ^^P cloi-sonné
 []


Underfull \hbox (badness 10000) in paragraph at lines 707--707
\T1/phv/m/n/10 enamel^^Q ([]Dun-ham,
 []

[41 <./images/chapter4/25-falcon-enamel.png>]
<./images/chapter4/EN-tombs.png, id=1541, 1600.98125pt x 511.9125pt>
File: ./images/chapter4/EN-tombs.png Graphic file (type png)
<use ./images/chapter4/EN-tombs.png>
Package pdftex.def Info: ./images/chapter4/EN-tombs.png  used on input line 721
.
(pdftex.def)             Requested size: 483.69687pt x 154.66068pt.
 [42 <./images/chapter4/EN-tombs.png>]
Underfull \hbox (badness 10000) in paragraph at lines 798--798
[]|\T1/phv/b/n/10 Type of
 []


Underfull \hbox (badness 10000) in paragraph at lines 798--798
[]|\T1/phv/b/n/10 N. of
 []


Underfull \hbox (badness 10000) in paragraph at lines 798--798
[]|\T1/phv/b/n/10 Bed holes
 []


Underfull \hbox (badness 10000) in paragraph at lines 798--798
\T1/phv/b/n/10 and/or
 []


Underfull \hbox (badness 10000) in paragraph at lines 798--798
\T1/phv/b/n/10 cof-fin
 []


Underfull \hbox (badness 10000) in paragraph at lines 798--798
[]|\T1/phv/b/n/10 Type of
 []


Underfull \hbox (badness 10000) in paragraph at lines 798--798
[]|\T1/phv/b/n/10 N. of
 []


Underfull \hbox (badness 10000) in paragraph at lines 798--798
[]|\T1/phv/b/n/10 Bed holes
 []


Underfull \hbox (badness 10000) in paragraph at lines 798--798
\T1/phv/b/n/10 and/or
 []


Underfull \hbox (badness 10000) in paragraph at lines 798--798
\T1/phv/b/n/10 cof-fin
 []


ignored: Infinite glue shrinkage found in box being split [43]
<./images/chapter4/EN-objs-el-kurru.png, id=1561, 699.61375pt x 1053.9375pt>
File: ./images/chapter4/EN-objs-el-kurru.png Graphic file (type png)
<use ./images/chapter4/EN-objs-el-kurru.png>
Package pdftex.def Info: ./images/chapter4/EN-objs-el-kurru.png  used on input 
line 807.
(pdftex.def)             Requested size: 241.84843pt x 364.3325pt.
<./images/chapter4/EN-objs-nuri.png, id=1562, 975.645pt x 1053.9375pt>
File: ./images/chapter4/EN-objs-nuri.png Graphic file (type png)
<use ./images/chapter4/EN-objs-nuri.png>
Package pdftex.def Info: ./images/chapter4/EN-objs-nuri.png  used on input line
 812.
(pdftex.def)             Requested size: 241.84843pt x 261.24837pt.
 [44] [45 <./images/chapter4/EN-objs-el-kurru.png> <./images/chapter4/EN-objs-n
uri.png>]
Underfull \hbox (badness 5147) in paragraph at lines 854--854
[]|\T1/phv/b/n/10 Total num-ber
 []


Underfull \hbox (badness 5147) in paragraph at lines 854--854
[]|\T1/phv/b/n/10 Total num-ber
 []


Underfull \hbox (badness 6893) in paragraph at lines 854--854
[]|\T1/phv/b/n/10 N. of tombs
 []


Underfull \hbox (badness 10000) in paragraph at lines 854--854
[]|\T1/phv/b/n/10 % of tombs
 []


Underfull \hbox (badness 10000) in paragraph at lines 854--854
\T1/phv/b/n/10 amulets per
 []


Underfull \hbox (badness 5147) in paragraph at lines 854--854
[]|\T1/phv/b/n/10 Total num-ber
 []


Underfull \hbox (badness 5147) in paragraph at lines 854--854
[]|\T1/phv/b/n/10 Total num-ber
 []


Underfull \hbox (badness 6893) in paragraph at lines 854--854
[]|\T1/phv/b/n/10 N. of tombs
 []


Underfull \hbox (badness 10000) in paragraph at lines 854--854
[]|\T1/phv/b/n/10 % of tombs
 []


Underfull \hbox (badness 10000) in paragraph at lines 854--854
\T1/phv/b/n/10 amulets per
 []

<./images/chapter4/EN-types.png, id=1578, 1593.955pt x 499.8675pt>
File: ./images/chapter4/EN-types.png Graphic file (type png)
<use ./images/chapter4/EN-types.png>
Package pdftex.def Info: ./images/chapter4/EN-types.png  used on input line 861
.
(pdftex.def)             Requested size: 483.69687pt x 151.68518pt.
[46]
<./images/chapter4/EN-motifs.png, id=1586, 1597.97pt x 806.01125pt>
File: ./images/chapter4/EN-motifs.png Graphic file (type png)
<use ./images/chapter4/EN-motifs.png>
Package pdftex.def Info: ./images/chapter4/EN-motifs.png  used on input line 87
2.
(pdftex.def)             Requested size: 483.69687pt x 243.96982pt.
 [47 <./images/chapter4/EN-types.png> <./images/chapter4/EN-motifs.png>]
<./images/chapter4/EN-20.381.jpg, id=1598, 864.22874pt x 1606.0pt>
File: ./images/chapter4/EN-20.381.jpg Graphic file (type jpg)
<use ./images/chapter4/EN-20.381.jpg>
Package pdftex.def Info: ./images/chapter4/EN-20.381.jpg  used on input line 88
5.
(pdftex.def)             Requested size: 45.9305pt x 85.35284pt.
<./images/chapter4/EN-20.391.jpg, id=1599, 761.09344pt x 1204.5pt>
File: ./images/chapter4/EN-20.391.jpg Graphic file (type jpg)
<use ./images/chapter4/EN-20.391.jpg>
Package pdftex.def Info: ./images/chapter4/EN-20.391.jpg  used on input line 88
6.
(pdftex.def)             Requested size: 53.93233pt x 85.35284pt.

Underfull \hbox (badness 3646) in paragraph at lines 887--887
[]\T1/phv/b/n/10 Figure 4.38: |\T1/phv/m/n/10 Early Na-p-atan
 []


Underfull \hbox (badness 10000) in paragraph at lines 887--887
\T1/phv/m/n/10 20.381) and Im-sety (MFA
 []

<./images/chapter4/EN-20.380.jpg, id=1600, 1371.1225pt x 1606.0pt>
File: ./images/chapter4/EN-20.380.jpg Graphic file (type jpg)
<use ./images/chapter4/EN-20.380.jpg>
Package pdftex.def Info: ./images/chapter4/EN-20.380.jpg  used on input line 89
5.
(pdftex.def)             Requested size: 97.15999pt x 113.80379pt.
<./images/chapter4/EN-20.374.jpg, id=1601, 1606.0pt x 1595.9625pt>
File: ./images/chapter4/EN-20.374.jpg Graphic file (type jpg)
<use ./images/chapter4/EN-20.374.jpg>
Package pdftex.def Info: ./images/chapter4/EN-20.374.jpg  used on input line 89
9.
(pdftex.def)             Requested size: 114.51445pt x 113.79874pt.
<./images/chapter4/EN-20.371.jpg, id=1602, 855.195pt x 1606.0pt>
File: ./images/chapter4/EN-20.371.jpg Graphic file (type jpg)
<use ./images/chapter4/EN-20.371.jpg>
Package pdftex.def Info: ./images/chapter4/EN-20.371.jpg  used on input line 90
3.
(pdftex.def)             Requested size: 60.60051pt x 113.80379pt.
<./images/chapter4/EN-20.389.jpg, id=1603, 1204.5pt x 726.46407pt>
File: ./images/chapter4/EN-20.389.jpg Graphic file (type jpg)
<use ./images/chapter4/EN-20.389.jpg>
Package pdftex.def Info: ./images/chapter4/EN-20.389.jpg  used on input line 90
7.
(pdftex.def)             Requested size: 116.08281pt x 70.01244pt.
<./images/chapter4/EN-materials.png, id=1604, 1595.9625pt x 498.86375pt>
File: ./images/chapter4/EN-materials.png Graphic file (type png)
<use ./images/chapter4/EN-materials.png>
Package pdftex.def Info: ./images/chapter4/EN-materials.png  used on input line
 917.
(pdftex.def)             Requested size: 483.69687pt x 151.19029pt.
[48 <./images/chapter4/EN-materials.png> <./images/chapter4/EN-20.380.jpg> <./i
mages/chapter4/EN-20.374.jpg> <./images/chapter4/EN-20.371.jpg> <./images/chapt
er4/EN-20.389.jpg> <./images/chapter4/EN-20.381.jpg> <./images/chapter4/EN-20.3
91.jpg>]
<./images/chapter4/MN-tombs.png, id=1617, 1592.95125pt x 508.90125pt>
File: ./images/chapter4/MN-tombs.png Graphic file (type png)
<use ./images/chapter4/MN-tombs.png>
Package pdftex.def Info: ./images/chapter4/MN-tombs.png  used on input line 930
.
(pdftex.def)             Requested size: 483.69687pt x 154.52744pt.
 [49 <./images/chapter4/MN-tombs.png>]
Underfull \hbox (badness 10000) in paragraph at lines 1014--1014
[]|\T1/phv/b/n/10 Type of
 []


Underfull \hbox (badness 10000) in paragraph at lines 1014--1014
[]|\T1/phv/b/n/10 N. of
 []


Underfull \hbox (badness 10000) in paragraph at lines 1014--1014
[]|\T1/phv/b/n/10 Bed holes
 []


Underfull \hbox (badness 10000) in paragraph at lines 1014--1014
\T1/phv/b/n/10 and/or
 []


Underfull \hbox (badness 10000) in paragraph at lines 1014--1014
\T1/phv/b/n/10 cof-fin
 []


Underfull \hbox (badness 10000) in paragraph at lines 1014--1014
[]|\T1/phv/b/n/10 Type of
 []


Underfull \hbox (badness 10000) in paragraph at lines 1014--1014
[]|\T1/phv/b/n/10 N. of
 []


Underfull \hbox (badness 10000) in paragraph at lines 1014--1014
[]|\T1/phv/b/n/10 Bed holes
 []


Underfull \hbox (badness 10000) in paragraph at lines 1014--1014
\T1/phv/b/n/10 and/or
 []


Underfull \hbox (badness 10000) in paragraph at lines 1014--1014
\T1/phv/b/n/10 cof-fin
 []


ignored: Infinite glue shrinkage found in box being split [50] [51]
<./images/chapter4/MN-objs.png, id=1639, 1442.38875pt x 963.6pt>
File: ./images/chapter4/MN-objs.png Graphic file (type png)
<use ./images/chapter4/MN-objs.png>
Package pdftex.def Info: ./images/chapter4/MN-objs.png  used on input line 1028
.
(pdftex.def)             Requested size: 483.69687pt x 323.13515pt.
 [52 <./images/chapter4/MN-objs.png>]
Underfull \hbox (badness 5147) in paragraph at lines 1067--1067
[]|\T1/phv/b/n/10 Total num-ber
 []


Underfull \hbox (badness 5147) in paragraph at lines 1067--1067
[]|\T1/phv/b/n/10 Total num-ber
 []


Underfull \hbox (badness 6893) in paragraph at lines 1067--1067
[]|\T1/phv/b/n/10 N. of tombs
 []


Underfull \hbox (badness 10000) in paragraph at lines 1067--1067
[]|\T1/phv/b/n/10 % of tombs
 []


Underfull \hbox (badness 10000) in paragraph at lines 1067--1067
\T1/phv/b/n/10 amulets per
 []


Underfull \hbox (badness 5147) in paragraph at lines 1067--1067
[]|\T1/phv/b/n/10 Total num-ber
 []


Underfull \hbox (badness 5147) in paragraph at lines 1067--1067
[]|\T1/phv/b/n/10 Total num-ber
 []


Underfull \hbox (badness 6893) in paragraph at lines 1067--1067
[]|\T1/phv/b/n/10 N. of tombs
 []


Underfull \hbox (badness 10000) in paragraph at lines 1067--1067
[]|\T1/phv/b/n/10 % of tombs
 []


Underfull \hbox (badness 10000) in paragraph at lines 1067--1067
\T1/phv/b/n/10 amulets per
 []

<./images/chapter4/MN-types.png, id=1647, 1594.95876pt x 349.305pt>
File: ./images/chapter4/MN-types.png Graphic file (type png)
<use ./images/chapter4/MN-types.png>
Package pdftex.def Info: ./images/chapter4/MN-types.png  used on input line 107
4.
(pdftex.def)             Requested size: 483.69687pt x 105.9329pt.
[53]
<./images/chapter4/MN-motifs.png, id=1654, 1543.7675pt x 708.6475pt>
File: ./images/chapter4/MN-motifs.png Graphic file (type png)
<use ./images/chapter4/MN-motifs.png>
Package pdftex.def Info: ./images/chapter4/MN-motifs.png  used on input line 10
85.
(pdftex.def)             Requested size: 483.69687pt x 222.0357pt.
<./images/chapter4/MN-20.290.jpg, id=1657, 1392.20125pt x 1606.0pt>
File: ./images/chapter4/MN-20.290.jpg Graphic file (type jpg)
<use ./images/chapter4/MN-20.290.jpg>
Package pdftex.def Info: ./images/chapter4/MN-20.290.jpg  used on input line 10
96.
(pdftex.def)             Requested size: 96.72052pt x 111.57379pt.

Underfull \hbox (badness 3343) in paragraph at lines 1097--1097
[]\T1/phv/b/n/10 Figure 4.45: |\T1/phv/m/n/10 Gold
 []

[54 <./images/chapter4/MN-types.png> <./images/chapter4/MN-motifs.png>]
<./images/chapter4/MN-20.268.jpg, id=1669, 1328.965pt x 1606.0pt>
File: ./images/chapter4/MN-20.268.jpg Graphic file (type jpg)
<use ./images/chapter4/MN-20.268.jpg>
Package pdftex.def Info: ./images/chapter4/MN-20.268.jpg  used on input line 11
07.
(pdftex.def)             Requested size: 117.7158pt x 142.25475pt.
<./images/chapter4/MN-20.269.jpg, id=1670, 1096.095pt x 1606.0pt>
File: ./images/chapter4/MN-20.269.jpg Graphic file (type jpg)
<use ./images/chapter4/MN-20.269.jpg>
Package pdftex.def Info: ./images/chapter4/MN-20.269.jpg  used on input line 11
11.
(pdftex.def)             Requested size: 97.08885pt x 142.25475pt.
<./images/chapter4/MN-24.1017.jpg, id=1671, 1606.0pt x 1223.57124pt>
File: ./images/chapter4/MN-24.1017.jpg Graphic file (type jpg)
<use ./images/chapter4/MN-24.1017.jpg>
Package pdftex.def Info: ./images/chapter4/MN-24.1017.jpg  used on input line 1
115.
(pdftex.def)             Requested size: 161.19754pt x 122.81238pt.
<./images/chapter4/MN-20.347.jpg, id=1676, 1606.0pt x 1402.23875pt>
File: ./images/chapter4/MN-20.347.jpg Graphic file (type jpg)
<use ./images/chapter4/MN-20.347.jpg>
Package pdftex.def Info: ./images/chapter4/MN-20.347.jpg  used on input line 11
27.
(pdftex.def)             Requested size: 116.08281pt x 101.3548pt.
<./images/chapter4/MN-20.351.jpg, id=1677, 1606.0pt x 946.53625pt>
File: ./images/chapter4/MN-20.351.jpg Graphic file (type jpg)
<use ./images/chapter4/MN-20.351.jpg>
Package pdftex.def Info: ./images/chapter4/MN-20.351.jpg  used on input line 11
31.
(pdftex.def)             Requested size: 116.08281pt x 68.4163pt.
<./images/chapter4/MN-20.348.jpg, id=1678, 1606.0pt x 898.35625pt>
File: ./images/chapter4/MN-20.348.jpg Graphic file (type jpg)
<use ./images/chapter4/MN-20.348.jpg>
Package pdftex.def Info: ./images/chapter4/MN-20.348.jpg  used on input line 11
35.
(pdftex.def)             Requested size: 116.08281pt x 64.93382pt.
<./images/chapter4/MN-20.1061.jpg, id=1679, 1606.0pt x 742.775pt>
File: ./images/chapter4/MN-20.1061.jpg Graphic file (type jpg)
<use ./images/chapter4/MN-20.1061.jpg>
Package pdftex.def Info: ./images/chapter4/MN-20.1061.jpg  used on input line 1
139.
(pdftex.def)             Requested size: 116.08281pt x 53.6883pt.
<./images/chapter4/MN-20.270.jpg, id=1680, 1061.9675pt x 1606.0pt>
File: ./images/chapter4/MN-20.270.jpg Graphic file (type jpg)
<use ./images/chapter4/MN-20.270.jpg>
Package pdftex.def Info: ./images/chapter4/MN-20.270.jpg  used on input line 11
50.
(pdftex.def)             Requested size: 75.25276pt x 113.80379pt.
<./images/chapter4/MN-20.346.jpg, id=1681, 1232.605pt x 1606.0pt>
File: ./images/chapter4/MN-20.346.jpg Graphic file (type jpg)
<use ./images/chapter4/MN-20.346.jpg>
Package pdftex.def Info: ./images/chapter4/MN-20.346.jpg  used on input line 11
54.
(pdftex.def)             Requested size: 87.04349pt x 113.4117pt.
<./images/chapter4/MN-20.352.jpg, id=1682, 933.4875pt x 1606.0pt>
File: ./images/chapter4/MN-20.352.jpg Graphic file (type jpg)
<use ./images/chapter4/MN-20.352.jpg>
Package pdftex.def Info: ./images/chapter4/MN-20.352.jpg  used on input line 11
58.
(pdftex.def)             Requested size: 66.14845pt x 113.80379pt.
<./images/chapter4/MN-20.366.jpg, id=1683, 1497.595pt x 1606.0pt>
File: ./images/chapter4/MN-20.366.jpg Graphic file (type jpg)
<use ./images/chapter4/MN-20.366.jpg>
Package pdftex.def Info: ./images/chapter4/MN-20.366.jpg  used on input line 11
62.
(pdftex.def)             Requested size: 87.04109pt x 93.34166pt.
<./images/chapter4/MN-20.369.jpg, id=1684, 1180.41pt x 1606.0pt>
File: ./images/chapter4/MN-20.369.jpg Graphic file (type jpg)
<use ./images/chapter4/MN-20.369.jpg>
Package pdftex.def Info: ./images/chapter4/MN-20.369.jpg  used on input line 11
66.
(pdftex.def)             Requested size: 83.64578pt x 113.80379pt.

[55 <./images/chapter4/MN-20.290.jpg> <./images/chapter4/MN-20.268.jpg> <./imag
es/chapter4/MN-20.269.jpg> <./images/chapter4/MN-24.1017.jpg> <./images/chapter
4/MN-20.347.jpg> <./images/chapter4/MN-20.351.jpg> <./images/chapter4/MN-20.348
.jpg> <./images/chapter4/MN-20.1061.jpg>]
<./images/chapter4/MN-materials.png, id=1691, 1600.98125pt x 439.6425pt>
File: ./images/chapter4/MN-materials.png Graphic file (type png)
<use ./images/chapter4/MN-materials.png>
Package pdftex.def Info: ./images/chapter4/MN-materials.png  used on input line
 1176.
(pdftex.def)             Requested size: 483.69687pt x 132.82623pt.
<./images/chapter4/LN-tombs.png, id=1693, 1588.93625pt x 559.08875pt>
File: ./images/chapter4/LN-tombs.png Graphic file (type png)
<use ./images/chapter4/LN-tombs.png>
Package pdftex.def Info: ./images/chapter4/LN-tombs.png  used on input line 118
9.
(pdftex.def)             Requested size: 483.69687pt x 170.19337pt.

Underfull \hbox (badness 10000) in paragraph at lines 1238--1238
[]|\T1/phv/b/n/10 Type of
 []


Underfull \hbox (badness 10000) in paragraph at lines 1238--1238
[]|\T1/phv/b/n/10 N. of
 []


Underfull \hbox (badness 10000) in paragraph at lines 1238--1238
[]|\T1/phv/b/n/10 Bed holes
 []


Underfull \hbox (badness 10000) in paragraph at lines 1238--1238
\T1/phv/b/n/10 and/or
 []


Underfull \hbox (badness 10000) in paragraph at lines 1238--1238
\T1/phv/b/n/10 cof-fin
 []


Underfull \hbox (badness 10000) in paragraph at lines 1238--1238
[]|\T1/phv/b/n/10 Type of
 []


Underfull \hbox (badness 10000) in paragraph at lines 1238--1238
[]|\T1/phv/b/n/10 N. of
 []


Underfull \hbox (badness 10000) in paragraph at lines 1238--1238
[]|\T1/phv/b/n/10 Bed holes
 []


Underfull \hbox (badness 10000) in paragraph at lines 1238--1238
\T1/phv/b/n/10 and/or
 []


Underfull \hbox (badness 10000) in paragraph at lines 1238--1238
\T1/phv/b/n/10 cof-fin
 []


Underfull \hbox (badness 10000) in paragraph at lines 1238--1238
[]|\T1/phv/m/n/10 Ku. 1
 []


Underfull \hbox (badness 10000) in paragraph at lines 1238--1238
[]|\T1/phv/m/n/10 not
 []

[56 <./images/chapter4/MN-materials.png> <./images/chapter4/MN-20.270.jpg> <./i
mages/chapter4/MN-20.346.jpg> <./images/chapter4/MN-20.352.jpg> <./images/chapt
er4/MN-20.366.jpg> <./images/chapter4/MN-20.369.jpg>]
ignored: Infinite glue shrinkage fo
und in box being split [57 <./images/chapter4/LN-tombs.png>]
<./images/chapter4/LN-objs-el-kurru.png, id=1707, 1001.7425pt x 969.6225pt>
File: ./images/chapter4/LN-objs-el-kurru.png Graphic file (type png)
<use ./images/chapter4/LN-objs-el-kurru.png>
Package pdftex.def Info: ./images/chapter4/LN-objs-el-kurru.png  used on input 
line 1249.
(pdftex.def)             Requested size: 237.01448pt x 229.41481pt.
<./images/chapter4/LN-objs-nuri.png, id=1708, 992.70876pt x 929.4725pt>
File: ./images/chapter4/LN-objs-nuri.png Graphic file (type png)
<use ./images/chapter4/LN-objs-nuri.png>
Package pdftex.def Info: ./images/chapter4/LN-objs-nuri.png  used on input line
 1253.
(pdftex.def)             Requested size: 237.01288pt x 221.91498pt.
 [58 <./images/chapter4/LN-objs-el-kurru.png> <./images/chapter4/LN-objs-nuri.p
ng>]
Underfull \hbox (badness 5147) in paragraph at lines 1289--1289
[]|\T1/phv/b/n/10 Total num-ber
 []


Underfull \hbox (badness 5147) in paragraph at lines 1289--1289
[]|\T1/phv/b/n/10 Total num-ber
 []


Underfull \hbox (badness 6893) in paragraph at lines 1289--1289
[]|\T1/phv/b/n/10 N. of tombs
 []


Underfull \hbox (badness 10000) in paragraph at lines 1289--1289
[]|\T1/phv/b/n/10 % of tombs
 []


Underfull \hbox (badness 10000) in paragraph at lines 1289--1289
\T1/phv/b/n/10 amulets per
 []


Underfull \hbox (badness 5147) in paragraph at lines 1289--1289
[]|\T1/phv/b/n/10 Total num-ber
 []


Underfull \hbox (badness 5147) in paragraph at lines 1289--1289
[]|\T1/phv/b/n/10 Total num-ber
 []


Underfull \hbox (badness 6893) in paragraph at lines 1289--1289
[]|\T1/phv/b/n/10 N. of tombs
 []


Underfull \hbox (badness 10000) in paragraph at lines 1289--1289
[]|\T1/phv/b/n/10 % of tombs
 []


Underfull \hbox (badness 10000) in paragraph at lines 1289--1289
\T1/phv/b/n/10 amulets per
 []

<./images/chapter4/LN-types.png, id=1723, 1594.95876pt x 347.2975pt>
File: ./images/chapter4/LN-types.png Graphic file (type png)
<use ./images/chapter4/LN-types.png>
Package pdftex.def Info: ./images/chapter4/LN-types.png  used on input line 129
8.
(pdftex.def)             Requested size: 483.69687pt x 105.3241pt.
[59]
<./images/chapter4/LN-motifs.png, id=1733, 1588.93625pt x 357.335pt>
File: ./images/chapter4/LN-motifs.png Graphic file (type png)
<use ./images/chapter4/LN-motifs.png>
Package pdftex.def Info: ./images/chapter4/LN-motifs.png  used on input line 13
09.
(pdftex.def)             Requested size: 483.69687pt x 108.77708pt.
<./images/chapter4/LN-20.324.jpg, id=1736, 1606.0pt x 1606.0pt>
File: ./images/chapter4/LN-20.324.jpg Graphic file (type jpg)
<use ./images/chapter4/LN-20.324.jpg>
Package pdftex.def Info: ./images/chapter4/LN-20.324.jpg  used on input line 13
20.
(pdftex.def)             Requested size: 236.99323pt x 236.99323pt.
<./images/chapter4/LN-20.325.jpg, id=1737, 1606.0pt x 1606.0pt>
File: ./images/chapter4/LN-20.325.jpg Graphic file (type jpg)
<use ./images/chapter4/LN-20.325.jpg>
Package pdftex.def Info: ./images/chapter4/LN-20.325.jpg  used on input line 13
24.
(pdftex.def)             Requested size: 236.99323pt x 236.99323pt.
 [60 <./images/chapter4/LN-types.png> <./images/chapter4/LN-motifs.png>]
<./images/chapter4/LN-griffin.png, id=1744, 73.9563pt x 72.9927pt>
File: ./images/chapter4/LN-griffin.png Graphic file (type png)
<use ./images/chapter4/LN-griffin.png>
Package pdftex.def Info: ./images/chapter4/LN-griffin.png  used on input line 1
332.
(pdftex.def)             Requested size: 96.74124pt x 95.48077pt.

Underfull \hbox (badness 3343) in paragraph at lines 1333--1333
[]\T1/phv/b/n/10 Figure 4.55: |\T1/phv/m/n/10 Gold
 []


Underfull \hbox (badness 10000) in paragraph at lines 1333--1333
\T1/phv/m/n/10 amulet de-pict-ing a
 []


Underfull \hbox (badness 10000) in paragraph at lines 1333--1333
\T1/phv/m/n/10 winged quadru-ple
 []


Underfull \hbox (badness 10000) in paragraph at lines 1333--1333
\T1/phv/m/n/10 an-i-mal, pos-si-bly
 []


Underfull \hbox (badness 10000) in paragraph at lines 1333--1333
\T1/phv/m/n/10 a grif-fin ([]Dun-ham,
 []


Underfull \hbox (badness 10000) in paragraph at lines 1333--1333
[]\T1/phv/m/n/10 1955[], pl. CXX.A,
 []


Underfull \hbox (badness 2478) in paragraph at lines 1339--1340
[]\T1/phv/m/n/10.95 The winged grif-fin is a par-tic-u-larly in-ter-est-ing mo-
tif (Fig-ure []4.55[]).
 []

<./images/chapter4/LN-materials.png, id=1751, 1590.94376pt x 347.2975pt>
File: ./images/chapter4/LN-materials.png Graphic file (type png)
<use ./images/chapter4/LN-materials.png>
Package pdftex.def Info: ./images/chapter4/LN-materials.png  used on input line
 1345.
(pdftex.def)             Requested size: 483.69687pt x 105.58907pt.
[61 <./images/chapter4/LN-20.324.jpg> <./images/chapter4/LN-20.325.jpg> <./imag
es/chapter4/LN-griffin.png>] [62 <./images/chapter4/LN-materials.png>]
Underfull \hbox (badness 1132) in paragraph at lines 1360--1361
\T1/phv/m/n/10.95 di-ver-sity of mo-tifs, the high-est quan-tity, and unique de
-signs that blend Egyp-tian and lo-cal
 []


Underfull \hbox (badness 1248) in paragraph at lines 1360--1361
\T1/phv/m/n/10.95 Sym-bols are the most nu-mer-ous cat-e-gory of all amulets, o
n ac-count of ud-jat and menat
 []


Underfull \hbox (badness 1521) in paragraph at lines 1360--1361
\T1/phv/m/n/10.95 mo-tif oc-cur-ring in all phases. This mo-tif was ex-tremely 
pop-u-lar in Egypt since the Old
 []

) [63]
\openout2 = `chapters/5-chapter5.aux'.

 (./chapters/5-chapter5.tex
Chapter 5.
[64




]
Underfull \hbox (badness 3323) in paragraph at lines 18--19
\T1/phv/m/n/10.95 El-Kurru buri-als based on shared fea-tures, in-clud-ing tu-m
u-lus su-per-struc-tures, con-tracted
 []


Underfull \hbox (badness 2384) in paragraph at lines 18--19
\T1/phv/m/n/10.95 body po-si-tions, of-fer-ing niches con-tain-ing rit-u-ally k
illed ves-sels, and sim-i-lar grave goods
 []

) [65]
\openout2 = `chapters/6-chapter6.aux'.

 (./chapters/6-chapter6.tex
Chapter 6.

Underfull \hbox (badness 1688) in paragraph at lines 1--1
|[]\T1/phv/b/n/14 Amulet prac-tices across dif-fer-ent so-cial, tem-po-ral and 
re-gional
 []

[66




]
<./images/chapter6/phase-distro.png, id=1807, 1580.90625pt x 658.46pt>
File: ./images/chapter6/phase-distro.png Graphic file (type png)
<use ./images/chapter6/phase-distro.png>
Package pdftex.def Info: ./images/chapter6/phase-distro.png  used on input line
 20.
(pdftex.def)             Requested size: 483.69687pt x 201.45796pt.
<./images/chapter6/intact-meroe.png, id=1810, 1588.93625pt x 731.73375pt>
File: ./images/chapter6/intact-meroe.png Graphic file (type png)
<use ./images/chapter6/intact-meroe.png>
Package pdftex.def Info: ./images/chapter6/intact-meroe.png  used on input line
 31.
(pdftex.def)             Requested size: 483.69687pt x 222.7486pt.
 [67 <./images/chapter6/phase-distro.png>]
<./images/chapter6/phase-types.png, id=1817, 1610.015pt x 989.6975pt>
File: ./images/chapter6/phase-types.png Graphic file (type png)
<use ./images/chapter6/phase-types.png>
Package pdftex.def Info: ./images/chapter6/phase-types.png  used on input line 
40.
(pdftex.def)             Requested size: 483.69687pt x 297.33438pt.
 [68 <./images/chapter6/phase-types.png> <./images/chapter6/intact-meroe.png>]
<./images/chapter6/phase-deities.png, id=1825, 1592.95125pt x 692.5875pt>
File: ./images/chapter6/phase-deities.png Graphic file (type png)
<use ./images/chapter6/phase-deities.png>
Package pdftex.def Info: ./images/chapter6/phase-deities.png  used on input lin
e 57.
(pdftex.def)             Requested size: 483.69687pt x 210.3036pt.
 [69]
<./images/chapter6/phase-udjat.png, id=1831, 1656.1875pt x 752.8125pt>
File: ./images/chapter6/phase-udjat.png Graphic file (type png)
<use ./images/chapter6/phase-udjat.png>
Package pdftex.def Info: ./images/chapter6/phase-udjat.png  used on input line 
77.
(pdftex.def)             Requested size: 483.69687pt x 219.86076pt.
 [70 <./images/chapter6/phase-deities.png>]
<./images/chapter6/phase-symbols.png, id=1849, 1606.0pt x 693.59125pt>
File: ./images/chapter6/phase-symbols.png Graphic file (type png)
<use ./images/chapter6/phase-symbols.png>
Package pdftex.def Info: ./images/chapter6/phase-symbols.png  used on input lin
e 92.
(pdftex.def)             Requested size: 483.69687pt x 208.89389pt.
 [71 <./images/chapter6/phase-udjat.png>]
<./images/chapter6/phase-animals.png, id=1867, 1611.01875pt x 694.595pt>
File: ./images/chapter6/phase-animals.png Graphic file (type png)
<use ./images/chapter6/phase-animals.png>
Package pdftex.def Info: ./images/chapter6/phase-animals.png  used on input lin
e 110.
(pdftex.def)             Requested size: 483.69687pt x 208.53908pt.
 [72 <./images/chapter6/phase-symbols.png>]
<./images/chapter6/phase-nature.png, id=1874, 1599.9775pt x 694.595pt>
File: ./images/chapter6/phase-nature.png Graphic file (type png)
<use ./images/chapter6/phase-nature.png>
Package pdftex.def Info: ./images/chapter6/phase-nature.png  used on input line
 142.
(pdftex.def)             Requested size: 483.69687pt x 209.9805pt.
 [73 <./images/chapter6/phase-animals.png>]
<./images/chapter6/phase-human.png, id=1881, 1599.9775pt x 541.02126pt>
File: ./images/chapter6/phase-human.png Graphic file (type png)
<use ./images/chapter6/phase-human.png>
Package pdftex.def Info: ./images/chapter6/phase-human.png  used on input line 
155.
(pdftex.def)             Requested size: 483.69687pt x 163.55417pt.
 [74 <./images/chapter6/phase-nature.png> <./images/chapter6/phase-human.png>]
<./images/chapter6/phase-objs-misc.png, id=1890, 1594.95876pt x 698.61pt>
File: ./images/chapter6/phase-objs-misc.png Graphic file (type png)
<use ./images/chapter6/phase-objs-misc.png>
Package pdftex.def Info: ./images/chapter6/phase-objs-misc.png  used on input l
ine 165.
(pdftex.def)             Requested size: 483.69687pt x 211.86583pt.

Underfull \hbox (badness 1796) in paragraph at lines 170--171
[]\T1/phv/m/n/10.95 Finally, amulets rep-re-sent-ing ob-jects and mis-cel-la-ne
ous mo-tifs were sep-a-rated into six
 []

<./images/chapter6/phase-2deities-1.png, id=1892, 1589.94pt x 570.13pt>
File: ./images/chapter6/phase-2deities-1.png Graphic file (type png)
<use ./images/chapter6/phase-2deities-1.png>
Package pdftex.def Info: ./images/chapter6/phase-2deities-1.png  used on input 
line 175.
(pdftex.def)             Requested size: 483.69687pt x 173.45007pt.
<./images/chapter6/phase-2deities-2.png, id=1893, 1603.9925pt x 587.19376pt>
File: ./images/chapter6/phase-2deities-2.png Graphic file (type png)
<use ./images/chapter6/phase-2deities-2.png>
Package pdftex.def Info: ./images/chapter6/phase-2deities-2.png  used on input 
line 177.
(pdftex.def)             Requested size: 483.69687pt x 177.07338pt.
[75 <./images/chapter6/phase-objs-misc.png>] [76 <./images/chapter6/phase-2deit
ies-1.png> <./images/chapter6/phase-2deities-2.png>]
<./images/chapter6/phase-faience.png, id=1906, 1595.9625pt x 691.58376pt>
File: ./images/chapter6/phase-faience.png Graphic file (type png)
<use ./images/chapter6/phase-faience.png>
Package pdftex.def Info: ./images/chapter6/phase-faience.png  used on input lin
e 199.
(pdftex.def)             Requested size: 483.69687pt x 209.59781pt.
<./images/chapter6/phase-materials.png, id=1907, 1588.93625pt x 691.58376pt>
File: ./images/chapter6/phase-materials.png Graphic file (type png)
<use ./images/chapter6/phase-materials.png>
Package pdftex.def Info: ./images/chapter6/phase-materials.png  used on input l
ine 217.
(pdftex.def)             Requested size: 483.69687pt x 210.52646pt.
 [77 <./images/chapter6/phase-faience.png>]
<./images/chapter6/phase-materials-selec.png, id=1915, 1589.94pt x 1266.7325pt>

File: ./images/chapter6/phase-materials-selec.png Graphic file (type png)
<use ./images/chapter6/phase-materials-selec.png>
Package pdftex.def Info: ./images/chapter6/phase-materials-selec.png  used on i
nput line 230.
(pdftex.def)             Requested size: 483.69687pt x 385.37675pt.
 [78 <./images/chapter6/phase-materials.png>] [79 <./images/chapter6/phase-mate
rials-selec.png>]
<./images/chapter6/region-distro.png, id=1927, 1601.985pt x 668.4975pt>
File: ./images/chapter6/region-distro.png Graphic file (type png)
<use ./images/chapter6/region-distro.png>
Package pdftex.def Info: ./images/chapter6/region-distro.png  used on input lin
e 249.
(pdftex.def)             Requested size: 483.69687pt x 201.83604pt.
<./images/chapter6/region-types.png, id=1929, 1609.01125pt x 909.3975pt>
File: ./images/chapter6/region-types.png Graphic file (type png)
<use ./images/chapter6/region-types.png>
Package pdftex.def Info: ./images/chapter6/region-types.png  used on input line
 260.
(pdftex.def)             Requested size: 483.69687pt x 273.3764pt.
<./images/chapter6/region-deities.png, id=1931, 1596.96625pt x 694.595pt>
File: ./images/chapter6/region-deities.png Graphic file (type png)
<use ./images/chapter6/region-deities.png>
Package pdftex.def Info: ./images/chapter6/region-deities.png  used on input li
ne 271.
(pdftex.def)             Requested size: 483.69687pt x 210.38326pt.
 [80 <./images/chapter6/region-distro.png>]
[81 <./images/chapter6/region-types.png> <./images/chapter6/region-deities.png>
]
<./images/chapter6/region-udjat.png, id=1944, 1592.95125pt x 700.6175pt>
File: ./images/chapter6/region-udjat.png Graphic file (type png)
<use ./images/chapter6/region-udjat.png>
Package pdftex.def Info: ./images/chapter6/region-udjat.png  used on input line
 285.
(pdftex.def)             Requested size: 483.69687pt x 212.74191pt.
<./images/chapter6/region-symbols.png, id=1946, 1596.96625pt x 696.6025pt>
File: ./images/chapter6/region-symbols.png Graphic file (type png)
<use ./images/chapter6/region-symbols.png>
Package pdftex.def Info: ./images/chapter6/region-symbols.png  used on input li
ne 298.
(pdftex.def)             Requested size: 483.69687pt x 210.99129pt.
<./images/chapter6/region-animals.png, id=1948, 1609.01125pt x 845.1575pt>
File: ./images/chapter6/region-animals.png Graphic file (type png)
<use ./images/chapter6/region-animals.png>
Package pdftex.def Info: ./images/chapter6/region-animals.png  used on input li
ne 314.
(pdftex.def)             Requested size: 483.69687pt x 254.06505pt.
 [82 <./images/chapter6/region-udjat.png>]
<./images/chapter6/region-nature-human.png, id=1955, 1595.9625pt x 695.59875pt>

File: ./images/chapter6/region-nature-human.png Graphic file (type png)
<use ./images/chapter6/region-nature-human.png>
Package pdftex.def Info: ./images/chapter6/region-nature-human.png  used on inp
ut line 329.
(pdftex.def)             Requested size: 483.69687pt x 210.81464pt.
 [83 <./images/chapter6/region-symbols.png>]
<./images/chapter6/region-objs-misc.png, id=1963, 1596.96625pt x 694.595pt>
File: ./images/chapter6/region-objs-misc.png Graphic file (type png)
<use ./images/chapter6/region-objs-misc.png>
Package pdftex.def Info: ./images/chapter6/region-objs-misc.png  used on input 
line 342.
(pdftex.def)             Requested size: 483.69687pt x 210.38326pt.
 [84 <./images/chapter6/region-animals.png> <./images/chapter6/region-nature-hu
man.png>]
<./images/chapter6/region-2deities-1.png, id=1971, 1584.92125pt x 476.78125pt>
File: ./images/chapter6/region-2deities-1.png Graphic file (type png)
<use ./images/chapter6/region-2deities-1.png>
Package pdftex.def Info: ./images/chapter6/region-2deities-1.png  used on input
 line 357.
(pdftex.def)             Requested size: 483.69687pt x 145.50172pt.
<./images/chapter6/region-2deities-2.png, id=1972, 1538.74875pt x 595.22375pt>
File: ./images/chapter6/region-2deities-2.png Graphic file (type png)
<use ./images/chapter6/region-2deities-2.png>
Package pdftex.def Info: ./images/chapter6/region-2deities-2.png  used on input
 line 359.
(pdftex.def)             Requested size: 483.69687pt x 187.10593pt.
 [85 <./images/chapter6/region-objs-misc.png>] [86 <./images/chapter6/region-2d
eities-1.png> <./images/chapter6/region-2deities-2.png>]
<./images/chapter6/region-faience.png, id=1987, 1594.95876pt x 693.59125pt>
File: ./images/chapter6/region-faience.png Graphic file (type png)
<use ./images/chapter6/region-faience.png>
Package pdftex.def Info: ./images/chapter6/region-faience.png  used on input li
ne 384.
(pdftex.def)             Requested size: 483.69687pt x 210.34381pt.
<./images/chapter6/region-materials.png, id=1988, 1593.955pt x 698.61pt>
File: ./images/chapter6/region-materials.png Graphic file (type png)
<use ./images/chapter6/region-materials.png>
Package pdftex.def Info: ./images/chapter6/region-materials.png  used on input 
line 391.
(pdftex.def)             Requested size: 483.69687pt x 211.99376pt.

[87 <./images/chapter6/region-faience.png>]
<./images/chapter6/region-materials-selec.png, id=1994, 1594.95876pt x 992.7087
6pt>
File: ./images/chapter6/region-materials-selec.png Graphic file (type png)
<use ./images/chapter6/region-materials-selec.png>
Package pdftex.def Info: ./images/chapter6/region-materials-selec.png  used on 
input line 399.
(pdftex.def)             Requested size: 483.69687pt x 301.05649pt.
 [88 <./images/chapter6/region-materials.png> <./images/chapter6/region-materia
ls-selec.png>]) [89] [90




]
Underfull \hbox (badness 2717) in paragraph at lines 134--134
[][]\T1/phv/m/n/10.95 Binder, M. (2017). The New King-dom tombs at Amara West: 
Fu-ner-ary per-spec-tives on
 []

[91]
Underfull \hbox (badness 1502) in paragraph at lines 134--134
\T1/phv/m/n/10.95 database. https://opencontext.org/projects/2c7ff3c8-b299-4138
-ab04-f4e17e49ad64, Open
 []

[92] [93]
Underfull \hbox (badness 1014) in paragraph at lines 134--134
[][]\T1/phv/m/n/10.95 Herrmann, C. (1994). \T1/phv/m/sl/10.95 Ägyp-tis-che Amul
ette aus Palästina/Israel: Mit einem Aus-blick auf ihre
 []


Underfull \hbox (badness 10000) in paragraph at lines 134--134
[][]\T1/phv/m/n/10.95 Herrmann, C. (2002). \T1/phv/m/sl/10.95 Ägyp-tis-che Amul
ette aus Palästina/Israel II\T1/phv/m/n/10.95 . Aca-demic Press
 []

[94]
Underfull \hbox (badness 2343) in paragraph at lines 134--134
\T1/phv/m/n/10.95 Sig-nif-i-cance of Sil-ver in Egypt dur-ing the Thrid In-ter-
me-di-ate Pe-riod. In A. Babbi,
 []

[95] [96]
Underfull \hbox (badness 1325) in paragraph at lines 134--134
[][]\T1/phv/m/n/10.95 Lohwasser, A. (2015). Khonsu sit-ting IN Jebel Barkal. \T
1/phv/m/sl/10.95 Der An-tike Su-dan. Mit-teilun-gen der
 []


Underfull \hbox (badness 2865) in paragraph at lines 134--134
[][]\T1/phv/m/n/10.95 Lohwasser, A. (2022). Kushite Kings be-fore the Twenty-fi
fth Dy-nasty. \T1/phv/m/sl/10.95 Jour-nal of An-cient
 []


Underfull \hbox (badness 1838) in paragraph at lines 134--134
\T1/phv/m/sl/10.95 Egyp-tian In-ter-con-nec-tions\T1/phv/m/n/10.95 , \T1/phv/m/
sl/10.95 35\T1/phv/m/n/10.95 , 128^^U140. Re-trieved Septem-ber 4, 2024, from [
]$https :
 []

[97] [98] [99]
Underfull \hbox (badness 1661) in paragraph at lines 134--134
[][]\T1/phv/m/n/10.95 Schrader, S. A., Bu-zon, M. R., & Irish, J. (2014). Il-lu
-mi-nat-ing the Nu-bian `Dark Age': A
 []

[100]
Underfull \hbox (badness 1082) in paragraph at lines 134--134
\T1/phv/m/n/10.95 in-ter-ac-tions. In S. Ashby & A. J. Brody (Eds.), \T1/phv/m/
sl/10.95 New Per-spec-tives on An-cient Nu-bia
 []

[101] [102] [103] (./main.aux (./chapters/3-chapter3.aux)
(./chapters/4-chapter4.aux) (./chapters/5-chapter5.aux)
(./chapters/6-chapter6.aux))
 ***********
LaTeX2e <2025-11-01>
L3 programming layer <2026-05-15>
 ***********


LaTeX Warning: There were undefined references.

Package rerunfilecheck Info: File `main.out' has not changed.
(rerunfilecheck)             Checksum: C3D543EFD9099C86149F5F2B39C2C13E;7725.
Package logreq Info: Writing requests to 'main.run.xml'.
\openout1 = `main.run.xml'.

 ) 
Here is how much of TeX's memory you used:
 27458 strings out of 467340
 563948 string characters out of 5418019
 1823934 words of memory out of 5000000
 55772 multiletter control sequences out of 15000+600000
 674702 words of font info for 85 fonts, out of 8000000 for 9000
 1141 hyphenation exceptions out of 8191
 75i,13n,79p,4122b,5050s stack positions out of 10000i,1000n,20000p,200000b,200000s

pdfTeX warning (dest): name{Hfootnote.13} has been referenced but does not exis
t, replaced by a fixed one


pdfTeX warning (dest): name{Hfootnote.12} has been referenced but does not exis
t, replaced by a fixed one


pdfTeX warning (dest): name{Hfootnote.11} has been referenced but does not exis
t, replaced by a fixed one


pdfTeX warning (dest): name{Hfootnote.10} has been referenced but does not exis
t, replaced by a fixed one


pdfTeX warning (dest): name{Hfootnote.9} has been referenced but does not exist
, replaced by a fixed one


pdfTeX warning (dest): name{Hfootnote.8} has been referenced but does not exist
, replaced by a fixed one


pdfTeX warning (dest): name{Hfootnote.7} has been referenced but does not exist
, replaced by a fixed one


pdfTeX warning (dest): name{Hfootnote.6} has been referenced but does not exist
, replaced by a fixed one


pdfTeX warning (dest): name{Hfootnote.5} has been referenced but does not exist
, replaced by a fixed one


pdfTeX warning (dest): name{Hfootnote.4} has been referenced but does not exist
, replaced by a fixed one


pdfTeX warning (dest): name{Hfootnote.3} has been referenced but does not exist
, replaced by a fixed one


pdfTeX warning (dest): name{Hfootnote.2} has been referenced but does not exist
, replaced by a fixed one


pdfTeX warning (dest): name{Hfootnote.1} has been referenced but does not exist
, replaced by a fixed one

</usr/share/texlive/texmf-dist/fonts/type1/urw/helvetic/uhvb8a.pfb></usr/share/
texlive/texmf-dist/fonts/type1/urw/helvetic/uhvr8a.pfb></usr/share/texlive/texm
f-dist/fonts/type1/urw/helvetic/uhvro8a.pfb>
Output written on main.pdf (111 pages, 23779917 bytes).
PDF statistics:
 2236 PDF objects out of 2487 (max. 8388607)
 1897 compressed objects within 19 object streams
 484 named destinations out of 1000 (max. 500000)
 1058 words of extra memory for PDF output out of 10000 (max. 10000000)

